list,item,combination,notification,date,status
16 FDCs banned 11.06.2026,1,Acetyl Salicylic acid + Ethoheptazine,S.O. 3068(E),2026-06-11,banned
16 FDCs banned 11.06.2026,2,Aloe vera + Jojoba oil + Wheat germ oil + Tea tree oil,S.O. 3069(E),2026-06-11,banned
16 FDCs banned 11.06.2026,3,Amoxicillin + Serratiopeptidase+ Lactobacillus Sporogenes,S.O. 3070(E),2026-06-11,banned
16 FDCs banned 11.06.2026,4,Dicyclomine + Paracetamol + Clidinium Bromide + Chlordiazepoxide,S.O. 3071(E),2026-06-11,banned
16 FDCs banned 11.06.2026,5,Amoxicillin + Serratiopeptidase,S.O. 3072(E),2026-06-11,banned
16 FDCs banned 11.06.2026,6,Aloe Extract + Allantoin + Alphatocopherol Acetate + D-Penthenol + Vitamin A,S.O. 3073(E),2026-06-11,banned
16 FDCs banned 11.06.2026,7,Aloe Extract + Vitamin E + Dimethicone + Glycerine,S.O. 3074(E),2026-06-11,banned
16 FDCs banned 11.06.2026,8,Aloe Vera + Jojoba Oil + Vitamin E,S.O. 3075(E),2026-06-11,banned
16 FDCs banned 11.06.2026,9,Aloe vera + Orange oil,S.O. 3076(E),2026-06-11,banned
16 FDCs banned 11.06.2026,10,Aloe vera + Vitamin E + Herbal,S.O. 3077(E),2026-06-11,banned
16 FDCs banned 11.06.2026,11,Dicyclomine + Paracetamol + Clidinium Bromide,S.O. 3078(E),2026-06-11,banned
16 FDCs banned 11.06.2026,12,Paracetamol + Lignocaine,S.O. 3079(E),2026-06-11,banned
16 FDCs banned 11.06.2026,13,Gliclazide + Chromium Picolinate,S.O. 3080(E),2026-06-11,banned
16 FDCs banned 11.06.2026,14,Amoxicillin + Cloxacillin + Lactic acid bacillus + Serratiopeptidase,S.O. 3081(E),2026-06-11,banned
16 FDCs banned 11.06.2026,15,Cefadroxyl + Probenecid,S.O. 3082(E),2026-06-11,banned
16 FDCs banned 11.06.2026,16,Cefuroxime + Serratiopeptidase,S.O. 3083(E),2026-06-11,banned
156 FDCs banned 02.08.2024,1,Amylase + Protease + Glucoamylase + Pectinase + Alpha Galactosidase + Lactase + Beta-Gluconase + Cellulase + Lipase + Bromelain + Xylanase + Hemicellulase + Malt diastase + Invertase + Papain,S.O.3285 (E),2024-08-02,banned
156 FDCs banned 02.08.2024,2,Antimony Potassium Tartrate + Dried Ferrous Sulphate,S.O.3286 (E),2024-08-02,banned
156 FDCs banned 02.08.2024,3,Benfotiamine + Silymarin + L-Ornithine L-aspartate + Sodium Selenite + Folic acid + Pyridoxine hydrochloride,S.O.3287 (E),2024-08-02,banned
156 FDCs banned 02.08.2024,4,Bismuth Ammonium Citrate + Papain,S.O.3288 (E),2024-08-02,banned
156 FDCs banned 02.08.2024,5,Cyproheptadine HCl + Thiamine HCl + Riboflavine + Pyridoxine HCl + Niacinamide,S.O.3289 (E),2024-08-02,banned
156 FDCs banned 02.08.2024,6,Cyproheptadine Hydrochloride + Tricholine Citrate + Thiamine Hydrochloride + Riboflavine + Pyridoxine Hydrochloride,S.O.3290 (E),2024-08-02,banned
156 FDCs banned 02.08.2024,7,Rabeprazole Sodium (As enteric coated tablet) + Clidinium Bromide + Dicyclomine HCl + Chlordiazepoxide,S.O.3291 (E),2024-08-02,banned
156 FDCs banned 02.08.2024,8,Fungal Diastase + Papain + Nux vomica Tincture + Cardamom Tincture + Casein Hydrolysed + Alcohol,S.O.3292 (E),2024-08-02,banned
156 FDCs banned 02.08.2024,9,Mefenamic Acid + Paracetamol Injection,S.O.3293 (E),2024-08-02,banned
156 FDCs banned 02.08.2024,10,Omeprazole Magnesium + Dicyclomine HCl,S.O.3294 (E),2024-08-02,banned
156 FDCs banned 02.08.2024,11,S-adenosyl methionine + Metadoxine + Ursodeoxycholicacid BP + L-Methylfolate Calcium eq. to L- Methylfolate + Choline bitartratee + Silymarin + L-ornithine Laspartate + Inositol + Taurine,S.O.3295 (E),2024-08-02,banned
156 FDCs banned 02.08.2024,12,Silymarin + Thiamine Mononitrate + Riboflavin + Pyridoxine HCl + Niacinamide + Calcium pantothenate + Vitamin B12,S.O.3296 (E),2024-08-02,banned
156 FDCs banned 02.08.2024,13,Silymarin + Pyridoxine HCl + Cyanocobalamin + Niacinamide + Folic Acid,S.O.3297 (E),2024-08-02,banned
156 FDCs banned 02.08.2024,14,Silymarin + Vitamin B6 + Vitamin B12 + Niacinamide + Folic acid + Tricholine Citrate,S.O.3298 (E),2024-08-02,banned
156 FDCs banned 02.08.2024,15,"Sodium Citrate + Citric Acid Monohydrate Flavored with Cardamom Oil, Caraway Oil, Cinnamon Oil, Clove Oil, Ginger Oil + Alcohol",S.O.3299 (E),2024-08-02,banned
156 FDCs banned 02.08.2024,16,Sucralfate + Acelofenac,S.O.3300 (E),2024-08-02,banned
156 FDCs banned 02.08.2024,17,Sucralfate + Domperidone + Dimethicone,S.O.3301 (E),2024-08-02,banned
156 FDCs banned 02.08.2024,18,Sucralfate + Domperidone,S.O.3302 (E),2024-08-02,banned
156 FDCs banned 02.08.2024,19,Tincture Ipecacuanha + Tincture Urgenia + Camphorated Opium Tincture + Aromatic Spirit of Ammonia + Chloroform + Alcohol,S.O.3303 (E),2024-08-02,banned
156 FDCs banned 02.08.2024,20,Ursodeoxycholic Acid + Metformin HCl,S.O.3304 (E),2024-08-02,banned
156 FDCs banned 02.08.2024,21,Weak Ginger tincture + Aromatic Spirit of Ammonia + Peppermint Spirit + Chloroform + Sodium Bicarbonate + Compound Cardamom + Alcohol,S.O.3305(E),2024-08-02,banned
156 FDCs banned 02.08.2024,22,Sucralfate + Pantoprazole Sodium + Zinc Gluconate + Light Magnesium Carbonate,S.O.3306 (E),2024-08-02,banned
156 FDCs banned 02.08.2024,23,Aloe + Vitamin E Soap,S.O.3307 (E),2024-08-02,banned
156 FDCs banned 02.08.2024,24,Povidone Iodine+ Metronidazole + Aloe,S.O.3308 (E),2024-08-02,banned
156 FDCs banned 02.08.2024,25,Azelaic acid + Tea Tree Oil + Salicylic acid + Allantoin + Zinc oxide + Aloe vera + Jojoba oil + Vitamin E + Soap noodles,S.O.3309 (E),2024-08-02,banned
156 FDCs banned 02.08.2024,26,Azithromycin + Adapalene,S.O.3310 (E),2024-08-02,banned
156 FDCs banned 02.08.2024,27,Calamine + Aloes + Allantoin,S.O.3311 (E),2024-08-02,banned
156 FDCs banned 02.08.2024,28,Calamine + Diphenhydramine Hydrochloride + Aloe + Glycerine + Camphor,S.O.3312 (E),2024-08-02,banned
156 FDCs banned 02.08.2024,29,Chlorphenesin + Zinc oxide + Starch,S.O.3313 (E),2024-08-02,banned
156 FDCs banned 02.08.2024,30,Clindamycin Phosphate + Zinc acetate,S.O.3314 (E),2024-08-02,banned
156 FDCs banned 02.08.2024,31,Gamma Benzene Hexachloride + Benzocaine,S.O.3315 (E),2024-08-02,banned
156 FDCs banned 02.08.2024,32,Glucosamine hydrochloride + Diacerein + Menthol + Camphor + Capsaicin,S.O.3316 (E),2024-08-02,banned
156 FDCs banned 02.08.2024,33,Hydroxyquinone 2.0%w/w + Octyl Methoxycinnamate 5.0% w/w + Oxybenzone 30 % w/w,S.O.3317 (E),2024-08-02,banned
156 FDCs banned 02.08.2024,34,Ketoconazole +Zinc Pyrithione +D-Panthenol +Tea Tree Oil +Aloes,S.O.3318 (E),2024-08-02,banned
156 FDCs banned 02.08.2024,35,Ketoconazole +Aloe vera+ Vitamin A Acetate,S.O.3319 (E),2024-08-02,banned
156 FDCs banned 02.08.2024,36,Ketoconazole +Aloes + ZPTO,S.O.3320 (E),2024-08-02,banned
156 FDCs banned 02.08.2024,37,Kojic Acid +Arbutin +Octinoxate +Vitamin E + Mulberry,S.O.3321 (E),2024-08-02,banned
156 FDCs banned 02.08.2024,38,Lornoxicam +capsaicin +menthol+ camphor,S.O.3322 (E),2024-08-02,banned
156 FDCs banned 02.08.2024,39,Lornoxicam + Thiocolchicoside +Oleum Lini +Menthol + Methyl salicylate,S.O.3323 (E),2024-08-02,banned
156 FDCs banned 02.08.2024,40,Menthol + Aloe vera Topical Spray,S.O.3324 (E),2024-08-02,banned
156 FDCs banned 02.08.2024,41,Menthol +Lignocaine HCl +Aloe vera gel +Clotrimazole +Diphenhydramine,S.O.3325 (E),2024-08-02,banned
156 FDCs banned 02.08.2024,42,Miconazole nitrate + Gentamicin + Fluocinolone Acetonide +Zinc Sulphate,S.O.3326 (E),2024-08-02,banned
156 FDCs banned 02.08.2024,43,Miconazole +Tinidazole,S.O.3327 (E),2024-08-02,banned
156 FDCs banned 02.08.2024,44,Minoxidil +Aminexil+ Alcohol,S.O.3328 (E),2024-08-02,banned
156 FDCs banned 02.08.2024,45,Minoxidil +Azelaic acid + saw palmetto,S.O.3329 (E),2024-08-02,banned
156 FDCs banned 02.08.2024,46,Minoxidil +Aminexil,S.O.3330 (E),2024-08-02,banned
156 FDCs banned 02.08.2024,47,Pine Bark extract+ Kojic acid +Sodium Ascorbyl Phosphate,S.O.3331 (E),2024-08-02,banned
156 FDCs banned 02.08.2024,48,Povidone Iodine +Tinidazole +Zinc sulphate,S.O.3332 (E),2024-08-02,banned
156 FDCs banned 02.08.2024,49,Povidone Iodine + Ornidazole + Dexpanthenol,S.O.3333 (E),2024-08-02,banned
156 FDCs banned 02.08.2024,50,Salicyclic acid +Aloe vera+ Allantoin +D-Panthenol,S.O.3334 (E),2024-08-02,banned
156 FDCs banned 02.08.2024,51,Silver sulphadiazine +Chlorhexidine Gluconate solution +Allantoin + Aloe vera gel +Vitamin E acetate,S.O.3335 (E),2024-08-02,banned
156 FDCs banned 02.08.2024,52,Sodium salicylate + Zinc gluconate + Pyridoxine HCl,S.O.3336 (E),2024-08-02,banned
156 FDCs banned 02.08.2024,53,Tetracycline + Colistin Sulphate,S.O.3337 (E),2024-08-02,banned
156 FDCs banned 02.08.2024,54,Clomiphene +Ubidecarenone,S.O.3338 (E),2024-08-02,banned
156 FDCs banned 02.08.2024,55,Combikit of Clomiphene Citrate + Estradiol Valerate,S.O.3339 (E),2024-08-02,banned
156 FDCs banned 02.08.2024,56,Flavoxate HCl +Ofloxacin,S.O.3340 (E),2024-08-02,banned
156 FDCs banned 02.08.2024,57,Clomiphene Citrate +N-Acetylcysteine,S.O.3341 (E),2024-08-02,banned
156 FDCs banned 02.08.2024,58,Primerose Oil +Cod liver oil,S.O.3342 (E),2024-08-02,banned
156 FDCs banned 02.08.2024,59,Sildenafil Citrate +Papaverine +L-Arginine,S.O.3343 (E),2024-08-02,banned
156 FDCs banned 02.08.2024,60,Tranexamic acid +Mefenamic acid + Vitamin K1,S.O.3344 (E),2024-08-02,banned
156 FDCs banned 02.08.2024,61,Divalproex Sodium +Oxcarbazepine,S.O.3345 (E),2024-08-02,banned
156 FDCs banned 02.08.2024,62,Divalproex Sodium + Levetiracitam,S.O.3346 (E),2024-08-02,banned
156 FDCs banned 02.08.2024,63,Ergotamine tartrate +Caffeine + Paracetamol +Prochlorperazine maleate,S.O.3347 (E),2024-08-02,banned
156 FDCs banned 02.08.2024,64,Piracetam + Ginkgo biloba extracts + Vinpocetin,S.O.3348 (E),2024-08-02,banned
156 FDCs banned 02.08.2024,65,Ginkgo biloba + methylcobalamin,S.O.3349 (E),2024-08-02,banned
156 FDCs banned 02.08.2024,66,Ginkgo biloba + methylcobalamin + Alpha lipoic acid +Pyridoxine HCl,S.O.3350 (E),2024-08-02,banned
156 FDCs banned 02.08.2024,67,Ginseng Extract +Dried extract of Ginkgo Biloba,S.O.3351 (E),2024-08-02,banned
156 FDCs banned 02.08.2024,68,Meclizine HCl+ Paracetamol + Caffeine,S.O.3352 (E),2024-08-02,banned
156 FDCs banned 02.08.2024,69,Nicergoline + Vinpocetine,S.O.3353 (E),2024-08-02,banned
156 FDCs banned 02.08.2024,70,Gamma Linolenic Acid + Methylcobalamin,S.O.3354 (E),2024-08-02,banned
156 FDCs banned 02.08.2024,71,Beclomethasone Dipropionate + Neomycin Sulphate + Clotrimazole + Lignocaine HCl,S.O.3355 (E),2024-08-02,banned
156 FDCs banned 02.08.2024,72,Boric acid+ Phenylephrine HCl + Naphazoline Nitrate + Menthol + Camphor,S.O.3356 (E),2024-08-02,banned
156 FDCs banned 02.08.2024,73,Naphazoline HCl + Chlorpheniramine Maleate + Zinc Sulphate + Hydroxy Propyl Methyl Cellulose,S.O.3357 (E),2024-08-02,banned
156 FDCs banned 02.08.2024,74,Chlorpheniramine Maleate + Naphazoline HCl + Zinc Sulphate + Sodium Chloride + Hydroxy Propyl Methyl Cellulose,S.O.3358 (E),2024-08-02,banned
156 FDCs banned 02.08.2024,75,Chlorpheniramine Maleate + Naphazoline HCl + Hydroxy Propyl Methyl Cellulose,S.O.3359 (E),2024-08-02,banned
156 FDCs banned 02.08.2024,76,Chlorpheniramine Maleate + Sodium Chloride + Boric Acid + Tetrahydrozoline HCl,S.O.3360 (E),2024-08-02,banned
156 FDCs banned 02.08.2024,77,Chlorpheniramine Maleate + Phenylephrine HCl + Antipyrine,S.O.3361 (E),2024-08-02,banned
156 FDCs banned 02.08.2024,78,Ketorolac Tromethamine + Chlorpheniramine Maleate + Phenylephrine HCl + Hydroxy Propyl Methyl Cellulose,S.O.3362 (E),2024-08-02,banned
156 FDCs banned 02.08.2024,79,Ketorolac Tromethamine + Flurometholone,S.O.3363 (E),2024-08-02,banned
156 FDCs banned 02.08.2024,80,Naphazoline HCl + Zinc Sulphate + Boric Acid + Sodium Chloride+ Chlorpheniramine Maleate,S.O.3364 (E),2024-08-02,banned
156 FDCs banned 02.08.2024,81,Naphazoline HCl + Hydroxy Propyl Methyl Cellulose + Boric Acid + Borax + Menthol + Camphor,S.O.3365 (E),2024-08-02,banned
156 FDCs banned 02.08.2024,82,Naphazoline HCl + Hydroxy Propyl Methyl Cellulose + Chlorpheniramine Maleate +Boric Acid + Sodium Chloride + Zinc Sulphate,S.O.3366 (E),2024-08-02,banned
156 FDCs banned 02.08.2024,83,Naphazoline HCl + Hydroxy Propyl Methyl Cellulose + Chlorpheniramine Maleate +Boric Acid,S.O.3367 (E),2024-08-02,banned
156 FDCs banned 02.08.2024,84,Naphazoline HCl + Chlorpheniramine Maleate + Methyl Cellulose,S.O.3368 (E),2024-08-02,banned
156 FDCs banned 02.08.2024,85,Naphazoline HCl + Hydroxy Methyl Cellulose + Boric Acid + Menthol + Camphor,S.O.3369 (E),2024-08-02,banned
156 FDCs banned 02.08.2024,86,Naphazoline HCl + Boric Acid+Menthol+Camphor +Methyl Cellulose + Chlorpheniramine Maleate + Zinc Sulphate + Sodium Chloride,S.O.3370(E),2024-08-02,banned
156 FDCs banned 02.08.2024,87,Naphazoline HCl + Phenylephrine HCl+ HPMC + Chlorpheniramine Maleate + Menthol+ Camphor,S.O.3371 (E),2024-08-02,banned
156 FDCs banned 02.08.2024,88,Naphazoline HCl + Hydroxy Propyl Methyl Cellulose + Chlorpheniramine Maleate + Boric Acid + Sodium Chloride + Zinc Sulphate + Menthol + Camphor,S.O.3372 (E),2024-08-02,banned
156 FDCs banned 02.08.2024,89,Naphazoline HCl + Hydroxy Propyl Methyl Cellulose + Chlorpheniramine Maleate + Boric Acid +Zinc Sulphate,S.O.3373 (E),2024-08-02,banned
156 FDCs banned 02.08.2024,90,Naphazoline HCl + Azelastine HCl+ Sodium Carboxy Methyl Cellulose + Menthol + Camphor + Stabilized Oxychlorocomplex,S.O.3374 (E),2024-08-02,banned
156 FDCs banned 02.08.2024,91,Naphazoline HCl + Sodium Carboxy Methyl Cellulose + Menthol + Camphor + Stabilized Oxychloro complex,S.O.3375 (E),2024-08-02,banned
156 FDCs banned 02.08.2024,92,Naphazoline Nitrate + Chlorpheniramine Maleate + Phenylephrine HCl + Hydroxy Methyl Cellulose + Boric Acid+ Menthol+ Camphor,S.O.3376 (E),2024-08-02,banned
156 FDCs banned 02.08.2024,93,Naphazoline Nitrate + Chlorpheniramine Maleate + Zinc Sulphate + Boric Acid + Sodium Chloride,S.O.3377 (E),2024-08-02,banned
156 FDCs banned 02.08.2024,94,Norfloxacin + Tinidazole (with Betacyclodextrin) Eye ointment,S.O.3378 (E),2024-08-02,banned
156 FDCs banned 02.08.2024,95,Ofloxacin + Beclomethasone Dipropionate + Lignocaine HCl,S.O.3379 (E),2024-08-02,banned
156 FDCs banned 02.08.2024,96,Naphazoline HCl + Chlorpheniramine Maleate + Phenylephrine HCl + Menthol + Camphor,S.O.3380 (E),2024-08-02,banned
156 FDCs banned 02.08.2024,97,Phenylephrine HCl + Naphazoline HCl +Menthol+ Camphor + Hydroxy Propyl Methyl Cellulose,S.O.3381 (E),2024-08-02,banned
156 FDCs banned 02.08.2024,98,Phenylephrine HCl + Naphazoline HCl + Menthol + Camphor,S.O.3382 (E),2024-08-02,banned
156 FDCs banned 02.08.2024,99,Sulphacetamide Sodium + Zinc Sulphate + Chlorpheniramine Maleate + Boric acid + Sodium Chloride,S.O.3383 (E),2024-08-02,banned
156 FDCs banned 02.08.2024,100,Zinc Sulphate + Boric acid + Naphazoline HCl + Sodium Chloride + Phenyl Ethyl Alcohol,S.O.3384 (E),2024-08-02,banned
156 FDCs banned 02.08.2024,101,Cetirizine HCl + Paracetamol + Phenylephrine HCl,S.O.3385 (E),2024-08-02,banned
156 FDCs banned 02.08.2024,102,Cetirizine HCl + Phenylephrine HCl,S.O.3386 (E),2024-08-02,banned
156 FDCs banned 02.08.2024,103,Levocetirizine + Phenylephrine HCl,S.O.3387 (E),2024-08-02,banned
156 FDCs banned 02.08.2024,104,Levocetirizine + Phenylephrine HCl + Paracetamol,S.O.3388 (E),2024-08-02,banned
156 FDCs banned 02.08.2024,105,Phenylephrine HCl + Paracetamol + Levocetirizine HCl + Menthol,S.O.3389 (E),2024-08-02,banned
156 FDCs banned 02.08.2024,106,Levocetirizine HCl + Ambroxol HCl + Paracetamol,S.O.3390 (E),2024-08-02,banned
156 FDCs banned 02.08.2024,107,Levocetirizine HCl + Ambroxol HCl + Phenylephrine HCl,S.O.3391 (E),2024-08-02,banned
156 FDCs banned 02.08.2024,108,Diethylcarbamazine Citrate + Chlorpheniramine maleate,S.O.3392 (E),2024-08-02,banned
156 FDCs banned 02.08.2024,109,Diethylcarbamazine Citrate + Levocetirizine HCl,S.O.3393 (E),2024-08-02,banned
156 FDCs banned 02.08.2024,110,Ambroxol HCl + Phenylephrine HCl + Guaiphenesin,S.O.3394 (E),2024-08-02,banned
156 FDCs banned 02.08.2024,111,Bromhexine HCl + Phenylephrine HCl,S.O.3395 (E),2024-08-02,banned
156 FDCs banned 02.08.2024,112,Etofylline + Theophylline anhydrous eq. to Theophylline hydrate + Ambroxol HCl,S.O.3396 (E),2024-08-02,banned
156 FDCs banned 02.08.2024,113,Etofylline + Theophylline anhydrous eq. to Theophylline hydrate+ Montelukast,S.O.3397 (E),2024-08-02,banned
156 FDCs banned 02.08.2024,114,Ambroxol HCl + Terbutaline Sulphate + Ammonium Chloride + Guaiphenesin + Menthol,S.O.3398 (E),2024-08-02,banned
156 FDCs banned 02.08.2024,115,Ambroxol HCl + Salbutamol Sulphate + Ammonium Chloride + Guaiphenesin + Menthol,S.O.3399 (E),2024-08-02,banned
156 FDCs banned 02.08.2024,116,Cetirizine HCl + Terbutaline Sulphate + Ambroxol HCl + Guaiphenesin,S.O.3400(E),2024-08-02,banned
156 FDCs banned 02.08.2024,117,Dextromethorphan Hydrobromide + Chlorpheniramine Maleate + Ammonium Chloride + Sodium Citrate + Menthol,S.O.3401 (E),2024-08-02,banned
156 FDCs banned 02.08.2024,118,Salbutamol Sulphate + Bromhexine HCl + Guaiphenesin + Ammonium Chloride + Menthol,S.O.3402 (E),2024-08-02,banned
156 FDCs banned 02.08.2024,119,Terbutaline Sulphate + Bromhexine HCl + Chlorpheniramine Maleate,S.O.3403 (E),2024-08-02,banned
156 FDCs banned 02.08.2024,120,Chlorpheniramine Maleate + P.G Sulphonate + Ammonium Chloride + Sodium Citrate + Menthol,S.O.3404 (E),2024-08-02,banned
156 FDCs banned 02.08.2024,121,Aminophylline + Ammonium Chloride + Sodium Citrate,S.O.3405 (E),2024-08-02,banned
156 FDCs banned 02.08.2024,122,Paracetamol + Chlorpheniramine Maleate + Phenyl Propanolamine,S.O.3406 (E),2024-08-02,banned
156 FDCs banned 02.08.2024,123,Trithioparamethoxyphenyl Propene + Chlorpheniramine Maleate,S.O.3407 (E),2024-08-02,banned
156 FDCs banned 02.08.2024,124,Aceclofenac 50mg + Paracetamol 125mg oral liquid,S.O.3408 (E),2024-08-02,banned
156 FDCs banned 02.08.2024,125,Aceclofenac 50mg + Paracetamol 125mg tablet,S.O.3409 (E),2024-08-02,banned
156 FDCs banned 02.08.2024,126,Adenosine triphosphate diphosphate + Magnesium Orotate,S.O.3410 (E),2024-08-02,banned
156 FDCs banned 02.08.2024,127,Amoxicillin Trihydrate + Dicloxacillin Sodium + Lactobacillus,S.O.3411 (E),2024-08-02,banned
156 FDCs banned 02.08.2024,128,Camylofin Dihydrochloride 25 mg + Paracetamol 300mg,S.O.3412 (E),2024-08-02,banned
156 FDCs banned 02.08.2024,129,Cefixime+ Acetyl Cysteine,S.O.3413 (E),2024-08-02,banned
156 FDCs banned 02.08.2024,130,Cephalexin Monohydrate + Serratiopeptidase,S.O.3414 (E),2024-08-02,banned
156 FDCs banned 02.08.2024,131,Cetyl Myristoleate + glucosamine Sulphate Potassium +Methyl Sulfonyl methane,S.O.3415 (E),2024-08-02,banned
156 FDCs banned 02.08.2024,132,Diacerin IP + Glucosamine Sulphate Potassium Chloride USP + MSM (Methylsulphonyl Methane) + Cetyl Myristoleate,S.O.3416 (E),2024-08-02,banned
156 FDCs banned 02.08.2024,133,Paracetamol+ Diclofenac Potassium + Caffeine Anhydrous,S.O.3417 (E),2024-08-02,banned
156 FDCs banned 02.08.2024,134,Diclofenac sodium + Thiocolchicoside Injection,S.O.3418 (E),2024-08-02,banned
156 FDCs banned 02.08.2024,135,Doxycycline + Ornidazole + Bromelain + Lactobacillus Rhamnosus + Lactobacillus Reuteri RC,S.O.3419 (E),2024-08-02,banned
156 FDCs banned 02.08.2024,136,Doxycycline HCl + Betacyclodextrin + Serratiopeptidase,S.O.3420 (E),2024-08-02,banned
156 FDCs banned 02.08.2024,137,Erythromycin stearate eq.to Erythromycin + Lactic acid Bacillus,S.O.3421 (E),2024-08-02,banned
156 FDCs banned 02.08.2024,138,Etodolac + Paracetamol +Serratiopeptidase,S.O.3422 (E),2024-08-02,banned
156 FDCs banned 02.08.2024,139,Flupirtine Maleate 400 mg + Paracetamol 325 mg tablet,S.O.3423 (E),2024-08-02,banned
156 FDCs banned 02.08.2024,140,Glucosamine sulphate potassium chloride 410 mg + Chondroitin Sulphate 100 mg,S.O.3424 (E),2024-08-02,banned
156 FDCs banned 02.08.2024,141,Glucosamine sulphate potassium chloride+ Methyl Sulphonyl Methane (MSM) + Sodium Borate + Copper Sulphate pentahydrate+ Manganese Sulphate + Vitamin D3,S.O.3425 (E),2024-08-02,banned
156 FDCs banned 02.08.2024,142,Glucosamine Sulphate + Sodium chloride+ Manganese +Boron + Zinc + Copper,S.O.3426 (E),2024-08-02,banned
156 FDCs banned 02.08.2024,143,Glucosamine sulphate + Chondroitin sulphate + Methylsulfonylmethane +Vitamin D3 + Vitamin E + Vitamin C + Selenium +Elemental Zinc +Elemental Manganese + Elemental Chromium + Elemental Copper +Elemental Boron,S.O.3427 (E),2024-08-02,banned
156 FDCs banned 02.08.2024,144,Glucosamine sulphate + Methyl sufonyl methane + manganese sulphate +Vit E acetate +calcium Carbonate,S.O.3428 (E),2024-08-02,banned
156 FDCs banned 02.08.2024,145,Glucosamine Sulphate + Vitamin E acetate + Calcium Pantothenate + Vitamin D3,S.O.3429 (E),2024-08-02,banned
156 FDCs banned 02.08.2024,146,Glucosamine Sulphate Potassium chloride + Calcium Carbonate from an organic source (oyster shell) eq. to elemental calcium + Vitamin D3,S.O.3430 (E),2024-08-02,banned
156 FDCs banned 02.08.2024,147,Cetyl Myristoleate + Glucosamine Sulphate Potassium chloride + Methyl sulfonyl methane,S.O.3431 (E),2024-08-02,banned
156 FDCs banned 02.08.2024,148,Glucosamine Sulphate Potassium chloride + Methyl sulfonyl methane +Calcium carbonate +Vitamin E+ Manganese,S.O.3432 (E),2024-08-02,banned
156 FDCs banned 02.08.2024,149,Glucosamine Sulphate Potassium chloride + Calcium carbonate + Methyl sulfonyl methane +Vit D3,S.O.3433 (E),2024-08-02,banned
156 FDCs banned 02.08.2024,150,Glucosamine Sulphate Potassium + Methyl sulphate Sodium+ Sulphonyl Methane +Chondroitin Sulphate Sodium+ Calcium Carbonate +Vitamin D3+Sodium Borate+ Cupric Oxide+ Colloidal Silicon Dioxide + Manganese Chloride,S.O.3434 (E),2024-08-02,banned
156 FDCs banned 02.08.2024,151,Methocarbamol + Diclofenac Sodium Injection,S.O.3435 (E),2024-08-02,banned
156 FDCs banned 02.08.2024,152,Paracetamol + Pentazocin,S.O.3436 (E),2024-08-02,banned
156 FDCs banned 02.08.2024,153,Sucralfate +Domperidone+ Simethicone,S.O.3437 (E),2024-08-02,banned
156 FDCs banned 02.08.2024,154,Sulfaquinoxaline +Diaveridine HCl+ Vitamin K,S.O.3438 (E),2024-08-02,banned
156 FDCs banned 02.08.2024,155,Tramadol HCl +Dicyclomine HCl + Domperidone,S.O.3439 (E),2024-08-02,banned
156 FDCs banned 02.08.2024,156,Tramadol HCl +Paracetamol +Caffeine +Taurine,S.O.3440 (E),2024-08-02,banned
14 FDCs banned 02.06.2023,1,Nimesulide+ Paracetamol dispersible tablets,S.O. 2394 (E),2023-06-02,banned
14 FDCs banned 02.06.2023,2,Amoxicillin+ Bromhexine,S.O. 2395 (E),2023-06-02,banned
14 FDCs banned 02.06.2023,3,Pholcodine+ Promethazine,S.O. 2396 (E),2023-06-02,banned
14 FDCs banned 02.06.2023,4,Chlorpheniramine maleate + Dextromethorphan + Guaiphenesin + Ammonium Chloride + Menthol,S.O. 2397 (E),2023-06-02,banned
14 FDCs banned 02.06.2023,5,Chlopheniramine Maleate + Codeine Syrup,S.O. 2398 (E),2023-06-02,banned
14 FDCs banned 02.06.2023,6,Ammomium Chloride + Bromhexine + Dextromethorphan,S.O. 2399 (E),2023-06-02,banned
14 FDCs banned 02.06.2023,7,Bromhexine + Dextromethorphan + Ammonium Chloride + Mentho,S.O. 2400 (E),2023-06-02,banned
14 FDCs banned 02.06.2023,8,Dextromethorphan + Chlorpheniramine + Guaiphenesin + Ammonium Chloride,S.O. 2401 (E),2023-06-02,banned
14 FDCs banned 02.06.2023,9,Paracetamol + Bromhexine + Phenylephrine + Chlorpheniramine + Guaiphenesin,S.O. 2402 (E),2023-06-02,banned
14 FDCs banned 02.06.2023,10,Salbutamol + Bromhexine,S.O. 2403 (E),2023-06-02,banned
14 FDCs banned 02.06.2023,11,Chlorpheniramine + Codeine Phosphate + Menthol Syrup,S.O. 2404 (E),2023-06-02,banned
14 FDCs banned 02.06.2023,12,Phenytoin + Phenobarbitone sodium,S.O. 2405 (E),2023-06-02,banned
14 FDCs banned 02.06.2023,13,"Ammonium Chloride + Sodium Citrate + Chlorpheniramine Maleate + Menthol (100mg + 40mg + 2.5mg + 0.9mg) , (125mg + 55mg + 4mg + 1mg) , (110mg + 46mg + 3mg + 0.9mg) & (130mg + 55mg + 3mg + 0.5mg) per 5ml syrup",S.O. 2406 (E),2023-06-02,banned
14 FDCs banned 02.06.2023,14,Salbutamol + Hydroxyethyltheophylline (Etofylline) + Bromhexine,S.O. 2407 (E),2023-06-02,banned
Consolidated list as on 22.11.2021,93,Fixed dose combination of Flupenthixol +Melitracen for human use,G.S.R.377 (E),2013-6-18,banned
Consolidated list as on 22.11.2021,95,Nimesulide +Paracetamol dispersible tablets,S.O.712(E),2016-03-10,under review (re-banned in the 2023 list if still banned)
Consolidated list as on 22.11.2021,96,Paracetamol + Phenylephrine +Caffeine,S.O.713 (E),2016-03-10,under review (re-banned in the 2023 list if still banned)
Consolidated list as on 22.11.2021,97,Amoxicillin + Bromhexine,S.O.777(E),2016-03-10,under review (re-banned in the 2023 list if still banned)
Consolidated list as on 22.11.2021,98,Pholcodine + Promethazine,S.O.789 (E),2016-03-10,under review (re-banned in the 2023 list if still banned)
Consolidated list as on 22.11.2021,99,Imipramine+Diazepam,S.O.795(E),2016-03-10,under review (re-banned in the 2023 list if still banned)
Consolidated list as on 22.11.2021,100,Chlorpheniramine maleate + Dextromethorphan + Dextromethophan + Guaiphenesin + Ammonium chloride + menthol,S.O.869(E),2016-03-10,under review (re-banned in the 2023 list if still banned)
Consolidated list as on 22.11.2021,101,Chlopheniramine Maleate + Codeine Syrup,S.O.909(E),2016-03-10,under review (re-banned in the 2023 list if still banned)
Consolidated list as on 22.11.2021,102,Ammonium Chloride+ Bromhexine + Dextromethorphan,S.O.922(E),2016-03-10,under review (re-banned in the 2023 list if still banned)
Consolidated list as on 22.11.2021,103,Bromhexine +Dextromethorphan +Ammonium Chloride +Menthol,S.O.926(E),2016-03-10,under review (re-banned in the 2023 list if still banned)
Consolidated list as on 22.11.2021,104,Dextromethorphan + Chlorpheniramine + Guaifenesin + Ammonium Chloride,S.O.930 (E),2016-03-10,under review (re-banned in the 2023 list if still banned)
Consolidated list as on 22.11.2021,105,Caffeine + Paracetamol + Phenylephrine + Chlorpheniramine,S.O.950 (E),2016-03-10,under review (re-banned in the 2023 list if still banned)
Consolidated list as on 22.11.2021,106,Paracetamol + Bromhexine + Phenylephrine+ Chlorpheniramine + Guaifenesin,S.O.977 (E),2016-03-10,under review (re-banned in the 2023 list if still banned)
Consolidated list as on 22.11.2021,107,Salbutamol + Bromhexine,S.O.978 (E),2016-03-10,under review (re-banned in the 2023 list if still banned)
Consolidated list as on 22.11.2021,108,Chlorpheniramine + Codeine phosphate + Menthol syrup,S.O.983 (E),2016-03-10,under review (re-banned in the 2023 list if still banned)
Consolidated list as on 22.11.2021,109,Phenytoin+ Phenobarbitone sodium,S.O.1028 (E),2016-03-10,under review (re-banned in the 2023 list if still banned)
Consolidated list as on 22.11.2021,110,Ammonium Chloride + Sodium Citrate + Chlorpheniramine Maleate + Menthol,S.O.4411 (E),2018-09-07,under review (re-banned in the 2023 list if still banned)
Consolidated list as on 22.11.2021,111,Chlorpheniramine Maleate + Ammonium Chloride + Sodium Citrate,S.O.4532 (E),2018-09-07,under review (re-banned in the 2023 list if still banned)
Consolidated list as on 22.11.2021,112,Salbutamol + Hydroxy ethyl theophylline (Etofylline)+ Bromhexine,S.O.4687(E),2018-09-07,under review (re-banned in the 2023 list if still banned)
Consolidated list as on 22.11.2021,113,Paracetamol + Propyphenazone + Caffeine,S.O.4689(E),2018-09-07,under review (re-banned in the 2023 list if still banned)
Consolidated list as on 22.11.2021,114,Aceclofenac + Paracetamol + Rabeprazole,S.O. No. 4379 (E),2018-09-07,"ban quashed by the Delhi High Court, appeal pending"
Consolidated list as on 22.11.2021,116,Glimepiride1mg/2mg/3mg + Pioglitazone15mg/15mg/15mg + Metformin1000mg/1000mg/1000mg,S.O. 4471 (E),2018-09-07,"ban quashed by the Delhi High Court, appeal pending"
Consolidated list as on 22.11.2021,117,Glimepiride 1mg/2mg + Pioglitazone 15mg/15mg + Metformin 850mg/850mg,S.O.4472 (E),2018-09-07,"ban quashed by the Delhi High Court, appeal pending"
Consolidated list as on 22.11.2021,118,1  Pioglitazone 30mg + Metformin 500mg,S.O. 4479 (E),2018-09-07,"ban quashed by the Delhi High Court, appeal pending"
Consolidated list as on 22.11.2021,119,Fixed Dose Combinations Of Etodolac + Paracetamol,S.O.4706(E),2018-09-07,"ban quashed by the Delhi High Court, appeal pending"
Consolidated list as on 22.11.2021,120,Nimesulide + Diclofenac,S.O.4380(E),2018-09-07,banned
Consolidated list as on 22.11.2021,121,Nimesulide + Cetirizine +Caffeine,S.O.4381(E),2018-09-07,banned
Consolidated list as on 22.11.2021,122,Nimesulide + Tizanidine,S.O.4382 (E),2018-09-07,banned
Consolidated list as on 22.11.2021,123,Paracetamol +Cetirizine + Caffeine,S.O.4383 (E),2018-09-07,banned
Consolidated list as on 22.11.2021,124,Diclofenac + Tramadol +Chlorzoxazone,S.O.4384 (E),2018-09-07,banned
Consolidated list as on 22.11.2021,125,Dicyclomine + Paracetamol+ Domperidone,S.O.4385(E),2018-09-07,banned
Consolidated list as on 22.11.2021,126,Diclofenac + Tramadol + Paracetamol,S.O.4386 (E),2018-09-07,banned
Consolidated list as on 22.11.2021,127,Diclofenac + Paracetamol + Chlorzoxazone + Famotidine,S.O.4387(E),2018-09-07,banned
Consolidated list as on 22.11.2021,128,Naproxen + Paracetamol,S.O.4388 (E),2018-09-07,banned
Consolidated list as on 22.11.2021,129,Nimesulide + Serratiopeptidase,S.O.4389(E),2018-09-07,banned
Consolidated list as on 22.11.2021,130,Paracetamol + Diclofenac + Famotidine,S.O.4390 (E),2018-09-07,banned
Consolidated list as on 22.11.2021,131,Nimesulide + Pitofenone + Fenpiverinium + Benzyl alcohol,S.O.4391(E),2018-09-07,banned
Consolidated list as on 22.11.2021,132,Omeprazole + Paracetamol + Diclofenac,S.O.4392(E ),2018-09-07,banned
Consolidated list as on 22.11.2021,133,Nimesulide + Paracetamol injection,S.O.4393 (E),2018-09-07,banned
Consolidated list as on 22.11.2021,134,Tamsulosin +Diclofenac,S.O.4394(E ),2018-09-07,banned
Consolidated list as on 22.11.2021,135,Paracetamol + Phenylephirine + Chlorpheniramine + Dextromethorphan + Caffeine,S.O.4395(E ),2018-09-07,banned
Consolidated list as on 22.11.2021,136,Diclofenac + Zinc Carnosine,S.O.4396 (E),2018-09-07,banned
Consolidated list as on 22.11.2021,137,Diclofenac + Paracetamol + Chlorpheniramine maleate + Magnesium trisillicate,S.O.4397 (E),2018-09-07,banned
Consolidated list as on 22.11.2021,138,Paracetamol + Pseudoephedrine + Cetirizine,S.O.4398 (E),2018-09-07,banned
Consolidated list as on 22.11.2021,139,Phenyl butazone + Sodium salicylate,S.O. 4399 (E),2018-09-07,banned
Consolidated list as on 22.11.2021,140,Lornoxicam + Paracetamol + Trypsin,S.O.4400 (E),2018-09-07,banned
Consolidated list as on 22.11.2021,141,Paracetamol + Mefenamic Acid + Ranitidine + Dicyclomine,S.O.4401 (E),2018-09-07,banned
Consolidated list as on 22.11.2021,142,Nimesulide + Dicyclomine,S.O.4402 (E),2018-09-07,banned
Consolidated list as on 22.11.2021,143,Heparin + Diclofenac,S.O.4403 (E),2018-09-07,banned
Consolidated list as on 22.11.2021,144,Glucosamine +Methyl Sulfonyl Methane + Vitamin D3 + Manganese + Boron + Copper + Zinc,S.O.4404 (E),2018-09-07,banned
Consolidated list as on 22.11.2021,145,Paracetamol + Tapentadol,S.O.4405 (E),2018-09-07,banned
Consolidated list as on 22.11.2021,146,Tranexamic Acid + Proanthocyanidin,S.O.4406 (E),2018-09-07,banned
Consolidated list as on 22.11.2021,147,Lornoxicam + Paracetamol + Tramadol,S.O.4407(E),2018-09-07,banned
Consolidated list as on 22.11.2021,148,Lornoxicam + Paracetamol + Serratiopeptidase,S.O.4408 (E),2018-09-07,banned
Consolidated list as on 22.11.2021,149,Diclofenac + Paracetamol+ Magnesium trisilicate,S.O.4409 (E),2018-09-07,banned
Consolidated list as on 22.11.2021,150,Paracetamol + Domperidone + Caffeine,S.O.4410 (E),2018-09-07,banned
Consolidated list as on 22.11.2021,151,Combi kit of 3 tablets of Serratiopeptidase (enteric coated 20000 units) + Diclofenac Potassium & 2 tablets of Doxycycline,S.O.4412 (E),2018-09-07,banned
Consolidated list as on 22.11.2021,152,Nimesulide + Paracetamol suspension,S.O.4413 (E),2018-09-07,banned
Consolidated list as on 22.11.2021,153,Aceclofenac + Paracetamol + Famotidine,S.O.4414 (E),2018-09-07,banned
Consolidated list as on 22.11.2021,154,Aceclofenac + Zinc Carnosine,S.O.4415 (E),2018-09-07,banned
Consolidated list as on 22.11.2021,155,Paracetamol + Disodium Hydrogen Citrate +Caffeine,S.O.4416 (E),2018-09-07,banned
Consolidated list as on 22.11.2021,156,Paracetamol+ D L Methionine,S.O.4417 (E),2018-09-07,banned
Consolidated list as on 22.11.2021,157,Disodium Hydrogen citrate + Paracetamol,S.O.4418 (E),2018-09-07,banned
Consolidated list as on 22.11.2021,158,Paracetamol + Caffeine + Codeine Phosphate,S.O.4419 (E),2018-09-07,banned
Consolidated list as on 22.11.2021,159,Aceclofenac (SR) + Paracetamol,S.O.4420 (E),2018-09-07,banned
Consolidated list as on 22.11.2021,160,Diclofenac + Paracetamol injection,S.O.4421 (E),2018-09-07,banned
Consolidated list as on 22.11.2021,161,Azithromycin + Cefixime,S.O.4422 (E),2018-09-07,banned
Consolidated list as on 22.11.2021,162,Amoxicillin + Dicloxacillin,S.O.4423 (E),2018-09-07,banned
Consolidated list as on 22.11.2021,163,Azithromycin + Levofloxacin,S.O. 4424 (E),2018-09-07,banned
Consolidated list as on 22.11.2021,164,Cefixime + Linezolid,S.O.4425 (E),2018-09-07,banned
Consolidated list as on 22.11.2021,165,Amoxicillin + Cefixime + Potassium Clavulanic Acid,S.O.4426 (E),2018-09-07,banned
Consolidated list as on 22.11.2021,166,Ofloxacin + Nitazoxanide,S.O.4427 (E),2018-09-07,banned
Consolidated list as on 22.11.2021,167,Cefpodoxime Proxetil + Levofloxacin,S.O.4428 (E),2018-09-07,banned
Consolidated list as on 22.11.2021,168,Levofloxacin + Ornidazole + Alpha Tocopherol Acetate,S.O.4430 (E),2018-09-07,banned
Consolidated list as on 22.11.2021,169,Nimorazole + Ofloxacin,S.O.4431 (E),2018-09-07,banned
Consolidated list as on 22.11.2021,170,Azithromycin + Ofloxacin,S.O.4432 (E),2018-09-07,banned
Consolidated list as on 22.11.2021,171,Amoxycillin + Tinidazole,S.O.4433 (E),2018-09-07,banned
Consolidated list as on 22.11.2021,172,Doxycycline + Serratiopeptidase,S.O.4434 (E),2018-09-07,banned
Consolidated list as on 22.11.2021,173,Cefixime + Levofloxacin,S.O.4435 (E),2018-09-07,banned
Consolidated list as on 22.11.2021,174,Ofloxacin + Metronidazole + Zinc Acetate,S.O.4436 (E),2018-09-07,banned
Consolidated list as on 22.11.2021,175,Diphenoxylate + Atropine + Furazolidone,S.O.4437 (E),2018-09-07,banned
Consolidated list as on 22.11.2021,177,Ciprofloxacin + Phenazopyridine,S.O.4439 (E),2018-09-07,banned
Consolidated list as on 22.11.2021,178,Amoxycillin + Dicloxacillin + Serratiopeptidase,S.O.4440 (E),2018-09-07,banned
Consolidated list as on 22.11.2021,179,Azithromycin + Cefpodoxime,S.O.4441(E),2018-09-07,banned
Consolidated list as on 22.11.2021,180,Lignocaine + Clotrimazole + Ofloxacin + Beclomethasone,S.O.4442 (E),2018-09-07,banned
Consolidated list as on 22.11.2021,181,Cefuroxime + Linezolid,S.O.4443 (E),2018-09-07,banned
Consolidated list as on 22.11.2021,182,Ofloxacin + Ornidazole + Zinc bis glycinate,S.O.4444 (E),2018-09-07,banned
Consolidated list as on 22.11.2021,183,Metronidazole + Norfloxacin,S.O.4445 (E),2018-09-07,banned
Consolidated list as on 22.11.2021,184,Ciprofloxacin + Fluticasone + Clotrimazole + Neomycin,S.O.4446 (E),2018-09-07,banned
Consolidated list as on 22.11.2021,185,Metronidazole + Tetracycline,S.O.4447 (E),2018-09-07,banned
Consolidated list as on 22.11.2021,186,Cephalexin + Neomycin + Prednisolone,S.O.4448 (E),2018-09-07,banned
Consolidated list as on 22.11.2021,187,Azithromycin + Ambroxol,S.O.4449 (E),2018-09-07,banned
Consolidated list as on 22.11.2021,188,Cilnidipine + metoprolol succinate + metoprolol tartrate,S.O.4450 (E),2018-09-07,banned
Consolidated list as on 22.11.2021,189,L-Arginine + Sildenafil,S.O.4451 (E),2018-09-07,banned
Consolidated list as on 22.11.2021,190,Atorvastatin + Vitamin D3 + Folic acid Vitamin B12+ Pyridoxine,S.O. 4452 (E),2018-09-07,banned
Consolidated list as on 22.11.2021,191,Metformin + Atorvastatin,S.O.4453 (E),2018-09-07,banned
Consolidated list as on 22.11.2021,192,Clindamycin + Telmisartan,S.O. 4454 (E),2018-09-07,banned
Consolidated list as on 22.11.2021,193,Olmesartan + Hydrochlorothiazide + Chlorthalidone,S.O.4455 (E),2018-09-07,banned
Consolidated list as on 22.11.2021,194,L-5-Methyl tera hydrofolate calcium + Escitalopram,S.O. 4456 (E),2018-09-07,banned
Consolidated list as on 22.11.2021,195,Paracetamol + Promethazine,S.O.4457 (E),2018-09-07,banned
Consolidated list as on 22.11.2021,196,Betahistine + Ginkgo Biloba Extract + Vinpocetine + Piracetam,S.O.4458 (E),2018-09-07,banned
Consolidated list as on 22.11.2021,197,Cetirizine + Diethyl Carbamazine,S.O.4459 (E),2018-09-07,banned
Consolidated list as on 22.11.2021,198,Doxylamine + Pyridoxine + Mefenamic Acid + Paracetamol,S.O.4460 (E),2018-09-07,banned
Consolidated list as on 22.11.2021,199,Drotaverine + Clidinium + Chlordiazepoxide,S.O.4461 (E),2018-09-07,banned
Consolidated list as on 22.11.2021,200,Flupentixol + Escitalopram,S.O. 4462 (E),2018-09-07,banned
Consolidated list as on 22.11.2021,201,Gabapentin + Mecobalamin + Pyridoxine + Thiamine,S.O.4463(E ),2018-09-07,banned
Consolidated list as on 22.11.2021,202,Imipramine + Chlordiazepoxide + Trifluoperazine +Trihexyphenidyl,S.O.4464 (E),2018-09-07,banned
Consolidated list as on 22.11.2021,203,Chlorpromazine +Trihexyphenidyl,S.O.4465 (E),2018-09-07,banned
Consolidated list as on 22.11.2021,204,Ursodeoxycholic Acid + Silymarin,S.O.4466 (E),2018-09-07,banned
Consolidated list as on 22.11.2021,205,Metformin 1000/1000/500/500mg + Pioglitazone 7.5/7.5/7.5/7.5mg + Glimepiride 1/2/1/2mg,S.O.4467 (E),2018-09-07,banned
Consolidated list as on 22.11.2021,206,Gliclazide 80mg + Metformin 325 mg,S.O.4468 (E),2018-09-07,banned
Consolidated list as on 22.11.2021,207,Voglibose + Metformin + Chromium Picolinate,S.O. 4469 (E),2018-09-07,banned
Consolidated list as on 22.11.2021,208,Pioglitazone 7.5/7.5mg + Metformin 500/1000mg,S.O. 4470 (E),2018-09-07,banned
Consolidated list as on 22.11.2021,209,Metformin 850mg + Pioglitazone 7.5mg + Glimepiride 2mg,S.O.4473 (E),2018-09-07,banned
Consolidated list as on 22.11.2021,210,Metformin 850mg + Pioglitazone 7.5mg + Glimepiride1mg,S.O.4474 (E),2018-09-07,banned
Consolidated list as on 22.11.2021,211,Metformin 500mg/500mg + Gliclazide SR30mg/60mg + Pioglitazone7.5mg/7.5mg,S.O.4475 (E),2018-09-07,banned
Consolidated list as on 22.11.2021,212,Voglibose + Pioglitazone + Metformin,S.O.4476 (E),2018-09-07,banned
Consolidated list as on 22.11.2021,213,Metformin + Bromocriptine,S.O.4477 (E),2018-09-07,banned
Consolidated list as on 22.11.2021,214,Metformin + Glimepiride +Methylcobalamin,S.O.4478 (E),2018-09-07,banned
Consolidated list as on 22.11.2021,215,Glimepiride + Pioglitazone + Metformin,S.O.815 (E),2016-03-10,banned
Consolidated list as on 22.11.2021,216,Glipizide2.5mg + Metformin 400mg,S.O.4480 (E),2018-09-07,banned
Consolidated list as on 22.11.2021,217,Pioglitazone 15mg + Metformin 850mg,S.O.4481 (E),2018-09-07,banned
Consolidated list as on 22.11.2021,218,Metformin ER + Gliclazide MR + Voglibose,S.O.4482 (E),2018-09-07,banned
Consolidated list as on 22.11.2021,219,Chromium Polynicotinate + Metformin Hydrochloride,S.O.4483 (E),2018-09-07,banned
Consolidated list as on 22.11.2021,220,Metformin Hydrochlopride + Gliclazide + Piogllitazone +Chromium Polynicotinate,S.O.4484 (E),2018-09-07,banned
Consolidated list as on 22.11.2021,221,Metformin + Gliclazide + Chromium Polynicotinate,S.O.4485 (E),2018-09-07,banned
Consolidated list as on 22.11.2021,222,Metformin (sustainded release) 500mg + Pioglitazone15mg + Glimepride 3mg,S.O.4486 (E),2018-09-07,banned
Consolidated list as on 22.11.2021,223,Metformin (SR) 500mg + Pioglitazone5mg,S.O.4487 (E),2018-09-07,banned
Consolidated list as on 22.11.2021,224,Chloramphenicol + Beclomethasone + Clotrimazole + Lignocaine,S.O.4488 (E),2018-09-07,banned
Consolidated list as on 22.11.2021,225,Chloramphenicol +Ofloxacin + Lignocaine + Glycerine and Propylene glycol,S.O.4489 (E),2018-09-07,banned
Consolidated list as on 22.11.2021,226,Chloramphennicol + Lignocain + Betamethasone + Clotrimazole + Ofloxacin + Antipyrine,S.O.4490 (E),2018-09-07,banned
Consolidated list as on 22.11.2021,227,Ofloxacin + Clotrimazole + Betamethasone + Lignocaine,S.O.4491(E),2018-09-07,banned
Consolidated list as on 22.11.2021,228,Gentamicin Sulphate + Clotrimazole + Betamethasone + Lignocaine,S.O.4492 (E),2018-09-07,banned
Consolidated list as on 22.11.2021,229,Clotrimazole + Beclomethasone + Ofloxacin + Lignocaine,S.O.4493 (E),2018-09-07,banned
Consolidated list as on 22.11.2021,230,Beclomethasone + Clotrimazole + Chloramphenicol + Gentamycin + Lignocaine Ear drops,S.O.4494 (E),2018-09-7,banned
Consolidated list as on 22.11.2021,231,Flunarizine + Paracetamol +Domperidone,S.O.4495 (E),2018-09-07,banned
Consolidated list as on 22.11.2021,232,Rabeprazole + Zinccarnosine,S.O.4496 (E),2018-09-07,banned
Consolidated list as on 22.11.2021,233,Magaldrat + Famotidine + Simethicone,S.O.4497 (E),2018-09-07,banned
Consolidated list as on 22.11.2021,234,Cyproheptadine + Thiamine,S.O.4498 (E),2018-09-07,banned
Consolidated list as on 22.11.2021,235,Magaldrate + Ranitidine + Pancreatin + Domperidone,S.O.4499 (E),2018-09-07,banned
Consolidated list as on 22.11.2021,236,Ranitidine + Magaldrate + Simethicone,S.O.4500 (E),2018-09-07,banned
Consolidated list as on 22.11.2021,237,Magaldrate + Papain + Fungal diastase + Simethicone,S.O.4501 (E),2018-09-07,banned
Consolidated list as on 22.11.2021,238,Rabeprazole + Zinc + Domperidone,S.O.4502 (E),2018-09-07,banned
Consolidated list as on 22.11.2021,239,Famotidine + Oxytacaine + Magaldrate,S.O.4503 (E),2018-09-07,banned
Consolidated list as on 22.11.2021,240,Ranitidine + Domperidone + Simethicone,S.O.4504 (E),2018-09-07,banned
Consolidated list as on 22.11.2021,241,Alginic Acid + Sodium Bicarbonate + Dried Aluminium Hydroxide + Magnesium Hydroxide,S.O.4505 (E),2018-09-07,banned
Consolidated list as on 22.11.2021,242,Clidinium + Paracetamol + Dicyclomine + Activated Dimethicone,S.O.4506 (E),2018-09-07,banned
Consolidated list as on 22.11.2021,243,Furazolidone + Metronidazole + Loperamide,S.O.4507 (E),2018-09-07,banned
Consolidated list as on 22.11.2021,244,Rabeprazole + Diclofenac + Paracetamol,S.O.4508 (E),2018-09-07,banned
Consolidated list as on 22.11.2021,245,Ranitidine + Magaldrate,S.O.4509 (E),2018-09-07,banned
Consolidated list as on 22.11.2021,246,Norfloxacin + Metronidazole + Zinc Acetate,S.O.4510 (E),2018-09-07,banned
Consolidated list as on 22.11.2021,247,Zinc Carnosine + Oxetacaine,S.O.4511 (E),2018-09-07,banned
Consolidated list as on 22.11.2021,248,Oxetacaine + Magaldrate + Famotidine,S.O.4512 (E),2018-09-07,banned
Consolidated list as on 22.11.2021,249,Pantoprazole (as Enteric Coated Tablet) + Zinc Carnosine (as Film Coated Tablets),S.O.4513 (E),2018-09-07,banned
Consolidated list as on 22.11.2021,250,Zinc Carnosine + Magnesium Hydroxide +Dried Aluminium Hydroxide + Simethicone,S.O.4514 (E),2018-09-07,banned
Consolidated list as on 22.11.2021,251,Zinc Carnosine + Sucralfate,S.O.4515 (E),2018-09-07,banned
Consolidated list as on 22.11.2021,252,Mebeverine Hydrochloride & Inner HPMC capsule (Streptococcus Faecalis + Clostridium butyricum + Bacillus mesentricus + Lactic Acid Bacillus),S.O.4516(E),2018-09-07,banned
Consolidated list as on 22.11.2021,253,Clindamycin+ Clotrimazole + Lactic Acid Bacillus,S.O.4517 (E),2018-09-07,banned
Consolidated list as on 22.11.2021,254,Sildenafil + Estradiol Valerate,S.O.4518 (E),2018-09-07,banned
Consolidated list as on 22.11.2021,255,Clomifene Citrate + Ubidecarenone + Zinc + Folic Acid + Methylcobalamin + Pyridoxine + Lycopene + Selenium + Levocarnitine Tartrate + L-Arginine,S.O.4519 (E),2018-09-07,banned
Consolidated list as on 22.11.2021,256,Thyroxine + Pyridoxine + Folic Acid,S.O.4520 (E),2018-09-07,banned
Consolidated list as on 22.11.2021,257,Gentamycin + Dexamethasone + Chloramphenicol +Tobramycin + Ofloxacin,S.O.4521 (E),2018-09-07,banned
Consolidated list as on 22.11.2021,258,Dextromethorphan + Levocetirizine + Phenylephrine + Zinc,S.O.4522 (E),2018-09-07,banned
Consolidated list as on 22.11.2021,259,Nimesulide + Loratadine + Phenylephrine + Ambroxol,S.O.4523 (E),2018-09-07,banned
Consolidated list as on 22.11.2021,260,Bromhexine + Phenylephrine + Chlorepheniramine Maleate,S.O.4524 (E),2018-09-07,banned
Consolidated list as on 22.11.2021,261,Dextromethorphan + bromhexine + Guaiphenesin,S.O.4525 (E),2018-09-07,banned
Consolidated list as on 22.11.2021,262,Paracetamol + Loratadine + Phenylephrine + Dextromethorphan + Caffeine,S.O.4526 (E),2018-09-07,banned
Consolidated list as on 22.11.2021,263,Nimesulide + Phenylephrine +Caffeine + Levocetirizine,S.O.4527 (E),2018-09-07,banned
Consolidated list as on 22.11.2021,264,Azithromycin + Acebrophyline,S.O.4528 (E),2018-09-07,banned
Consolidated list as on 22.11.2021,265,Diphenhydramine +Terpine + Ammonium Chloride + Sodium Chloride + Menthol,S.O.4529 (E),2018-09-07,banned
Consolidated list as on 22.11.2021,266,Nimesulide + Paracetamol + Cetrizine + Phenylephrine,S.O.4530 (E),2018-09-07,banned
Consolidated list as on 22.11.2021,267,Paracetamol + Loratadine + Dextromethophan + Pseudoepheridine + Caffeine,S.O.4531 (E),2018-09-07,banned
Consolidated list as on 22.11.2021,268,Cetirizine + Phenylephrine + Paracetamol + Zinc Gluconate,S.O.4533 (E),2018-09-07,banned
Consolidated list as on 22.11.2021,269,Ambroxol + Guaiphenesin + Ammonium Chloride + Phenylephrine + Chlorpheniramine Maleate + Menthol,S.O.4534 (E),2018-09-07,banned
Consolidated list as on 22.11.2021,270,Dextromethophen + Bromhexine + Chlorpheniramine maleate + Guaiphenesin,S.O.4535 (E),2018-09-07,banned
Consolidated list as on 22.11.2021,271,Levocetirizine + Ambroxol + Phenylephrine + Guaiphenesin,S.O.4536 (E),2018-09-07,banned
Consolidated list as on 22.11.2021,272,Dextromethorphan + Chlorpheniramine + Chlorpheniramine maleate,S.O.4537 (E),2018-09-07,banned
Consolidated list as on 22.11.2021,273,Cetirizine + Ambroxol + Guaiphenesin + Ammonium chloride + Phenylephrine + Menthol,S.O.4538 (E),2018-09-07,banned
Consolidated list as on 22.11.2021,274,Chlorpheniramine + Phenylephrine + Caffeine,S.O.4539 (E),2018-09-07,banned
Consolidated list as on 22.11.2021,275,Dextromethorphan + Triprolidine + Phenylephrine,S.O.4540 (E),2018-09-07,banned
Consolidated list as on 22.11.2021,276,Terpinhydrate + Dextromethorphan + Menthol,S.O.4541 (E),2018-09-07,banned
Consolidated list as on 22.11.2021,277,Dextromethorphan + Phenylephrine + Zinc gluconate + Menthol,S.O.4542 (E),2018-09-07,banned
Consolidated list as on 22.11.2021,278,Chlorpheniramine + Codeine + Sodium citrate + Menthol syrup,S.O.4543 (E),2018-09-07,banned
Consolidated list as on 22.11.2021,279,Enrofloxacin + Bromhexin,S.O.4544 (E),2018-09-07,banned
Consolidated list as on 22.11.2021,280,Bromhexine +Dextromethorphan +Phenylephrine + Menthol,S.O.4545 (E),2018-09-07,banned
Consolidated list as on 22.11.2021,281,Levofloxacin + Bromhexine,S.O.4546 (E),2018-09-07,banned
Consolidated list as on 22.11.2021,282,Levocetirizine + Ranitidine,S.O.4547 (E),2018-09-07,banned
Consolidated list as on 22.11.2021,283,Levocetirizine + Phenylephrine + Ambroxol + Guaiphenesin +Paracetamol,S.O.4548 (E),2018-09-07,banned
Consolidated list as on 22.11.2021,284,Cetirizine + Dextromethorphan + Phenylephrine + Zinc gluconate + Paracetamol + Menthol,S.O.4549 (E),2018-09-07,banned
Consolidated list as on 22.11.2021,285,Paracetamol + Pseudoephedrine + Dextromethorphan + Cetirizine,S.O.4550 (E),2018-09-07,banned
Consolidated list as on 22.11.2021,286,Diphenhydramine + Guaiphenesin + Ammonium chloride + Bromhexine,S.O.4551 (E),2018-09-07,banned
Consolidated list as on 22.11.2021,287,Chlorpheniramine +Dextromethorphan +Phenylephrine +Paracetamol,S.O.4552 (E),2018-09-07,banned
Consolidated list as on 22.11.2021,288,Dextromethorphen + Promethazine,S.O.4553 (E),2018-09-07,banned
Consolidated list as on 22.11.2021,289,Diethylcabamazine citrate+ Cetirizine+ Guaiphenesin,S.O.4554 (E),2018-09-07,banned
Consolidated list as on 22.11.2021,290,Pseudoephedrine + Dextromethorphan + Cetirizine,S.O.4555 (E),2018-09-07,banned
Consolidated list as on 22.11.2021,291,Chlorpheniramine+ Phenylephrine + Dextromethophan + Menthol,S.O.4556 (E),2018-09-07,banned
Consolidated list as on 22.11.2021,292,Ambroxol + Terbutaline + Dextromethorphan,S.O.4557 (E),2018-09-07,banned
Consolidated list as on 22.11.2021,293,Dextromethorphan + Chlorpheniramine + Guaiphenesin,S.O.4558 (E),2018-09-07,banned
Consolidated list as on 22.11.2021,294,Terbutaline +Bromhexine +Guaiphenesin + Dextromethorphan,S.O.4559 (E),2018-09-07,banned
Consolidated list as on 22.11.2021,295,Dextromethorphan + Tripolidine +Phenylephrine,S.O.4560 (E),2018-09-07,banned
Consolidated list as on 22.11.2021,296,Paracetamol + Dextromethorphan + Chlorpheniramine,S.O.4561 (E),2018-09-07,banned
Consolidated list as on 22.11.2021,297,Pholcodine + Phenylephrine + Promethazine,S.O.4562 (E),2018-09-07,banned
Consolidated list as on 22.11.2021,298,Codeine + Levocetirizine + Menthol,S.O.4563 (E),2018-09-07,banned
Consolidated list as on 22.11.2021,299,Dextromethorphan + Ambroxol + Guaifenesin + Phenylephrine + Chlorpheniramine,S.O.4564 (E),2018-09-07,banned
Consolidated list as on 22.11.2021,300,Cetirizine +Phenylephrine + Dextromethorphan +Menthol,S.O.4565 (E),2018-09-07,banned
Consolidated list as on 22.11.2021,301,Roxithromycin + Serratiopeptidase,S.O.4566 (E),2018-09-07,banned
Consolidated list as on 22.11.2021,302,Paracetamol + Phenylephrine + Triprolidine,S.O.4567 (E),2018-09-07,banned
Consolidated list as on 22.11.2021,303,Acetaminophen + Loratadine + Ambroxol + Phenylephrine,S.O.4568 (E),2018-09-07,banned
Consolidated list as on 22.11.2021,304,Cetirizine + Acetaminophen + Dextromethorphan+ Phenyephrine + Zinc gluconate,S.O.4569 (E),2018-09-07,banned
Consolidated list as on 22.11.2021,305,Diphenhydramine + Guaifenesin + Bromhexine + Ammonium Chloride + Menthol,S.O.4570 (E),2018-09-07,banned
Consolidated list as on 22.11.2021,306,Cetirizine + Dextromethorphan + Zinc Gluconate + Menthol,S.O.4571 (E),2018-09-07,banned
Consolidated list as on 22.11.2021,307,Paracetamol + Phenylephrine + Desloratadine + Zinc Gluconate+ Ambroxol,S.O.4572 (E),2018-09-07,banned
Consolidated list as on 22.11.2021,308,Levocetirizine + Montelukast + Acebrophylline,S.O.4573 (E),2018-09-07,banned
Consolidated list as on 22.11.2021,309,Dextromethorphan + Phenylephrine + Ammonium chloride + Menthol,S.O.4574 (E),2018-09-07,banned
Consolidated list as on 22.11.2021,310,Dextromethorphan + Bromhexine + Guaiphenesin + Menthol,S.O.4575 (E),2018-09-07,banned
Consolidated list as on 22.11.2021,311,Acrivastine + Paracetamol + Caffeine + Phenylephrine,S.O.4576 (E),2018-09-07,banned
Consolidated list as on 22.11.2021,312,Naphazoline +Carboxy Methyl cellulose + Menthol +Camphor +Phenylephrine,S.O.4577 (E),2018-09-07,banned
Consolidated list as on 22.11.2021,313,Dextromethorphan + Cetirizine,S.O.4578 (E),2018-09-07,banned
Consolidated list as on 22.11.2021,314,Nimesulide + Paracetamol + Levocetirizine + Phenylephrine + caffeine,S.O.4579 (E),2018-09-07,banned
Consolidated list as on 22.11.2021,315,Terbutaline +Ambroxol + Guaiphenesin + Zinc + Menthol,S.O.4580 (E),2018-09-07,banned
Consolidated list as on 22.11.2021,316,Codeine + Chlorpheniramine + Alcohol syrup,S.O.4581 (E),2018-09-07,banned
Consolidated list as on 22.11.2021,317,Dextromethorphan + Phenylephrine + Guaifenesin + Triprolidine,S.O.4582 (E),2018-09-07,banned
Consolidated list as on 22.11.2021,318,Diethylcarbamazine +Cetirizine + Ambroxol,S.O.4583 (E),2018-09-07,banned
Consolidated list as on 22.11.2021,319,Ethylmorphine + Noscapine + Chlorpheniramine Maleate,S.O.4584 (E),2018-09-07,banned
Consolidated list as on 22.11.2021,320,Cetirizine + Dextromethorphan +Ambroxol,S.O.4585 (E),2018-09-07,banned
Consolidated list as on 22.11.2021,321,Ambroxol + Guaifenesin + Phenylephrine + Chlorpheniramine,S.O.4586 (E),2018-09-07,banned
Consolidated list as on 22.11.2021,322,Paracetamol + Phenylephrine + Chlorpheniramine + Zinc Gluconate,S.O.4587 (E),2018-09-07,banned
Consolidated list as on 22.11.2021,323,Dextromethorphan + Phenylephrine + Cetirizine + Paracetamol + Caffeine,S.O.4588 (E),2018-09-07,banned
Consolidated list as on 22.11.2021,324,Levocetirizine + Dextromethorphan + Zinc,S.O.4589 (E),2018-09-07,banned
Consolidated list as on 22.11.2021,325,Paracetamol + Phenylephrine + Levocetirizine + Caffeine,S.O.4590 (E),2018-09-07,banned
Consolidated list as on 22.11.2021,326,Chlorpheniramine + Ammonium Chloride +Sodium Chloride,S.O.4591 (E),2018-09-07,banned
Consolidated list as on 22.11.2021,327,Paracetamol + Dextromethorphan + Bromhexine + Phenylephrine + Diphenhydramine,S.O.4592(E),2018-09-07,banned
Consolidated list as on 22.11.2021,328,Salbutamol + Bromhexine + Guaiphenesin + Menthol,S.O.4593 (E),2018-09-07,banned
Consolidated list as on 22.11.2021,329,Chlorpheniramine + Ammonium Chloride + Noscapine + Sodium Citrate,S.O.4594 (E),2018-09-07,banned
Consolidated list as on 22.11.2021,330,Cetirizine + Dextromethorphan + Bromhexine + Guaifenesin,S.O.4595 (E),2018-09-07,banned
Consolidated list as on 22.11.2021,331,Diethylcarbamazine + Chlorpheniramine +Guaifenesin,S.O.4596 (E),2018-09-07,banned
Consolidated list as on 22.11.2021,332,Ketotifen + Cetirizine,S.O.4597 (E),2018-09-07,banned
Consolidated list as on 22.11.2021,333,Terbutaline +Bromhexine +Etofylline,S.O.4598 (E),2018-09-07,banned
Consolidated list as on 22.11.2021,334,Ketotifen + Theophylline,S.O.4599 (E),2018-09-07,banned
Consolidated list as on 22.11.2021,335,Ambroxol + Salbutamol +Theophylline,S.O.4600 (E),2018-09-07,banned
Consolidated list as on 22.11.2021,336,Cetirizine + Nimesulide + Phenylephrine,S.O.4601 (E),2018-09-07,banned
Consolidated list as on 22.11.2021,337,Chloropheniramine + Phenylephrine + Paracetamol + Zinc Gluconate,S.O.4602 (E),2018-09-07,banned
Consolidated list as on 22.11.2021,338,Acetaminophen + Guaifenesin + Dextromethorphan + Chlorpheniramine,S.O.4603 (E),2018-09-07,banned
Consolidated list as on 22.11.2021,339,Cetirizine + Dextromethorphan + Phenylephrine + Tulsi,S.O.4604 (E),2018-09-07,banned
Consolidated list as on 22.11.2021,340,Cetirizine + Phenylephrine + Paracetamol + Ambroxol + Caffeine,S.O.4605 (E),2018-09-07,banned
Consolidated list as on 22.11.2021,341,Guaifenesin + Dextromethorphan,S.O.4606 (E),2018-09-07,banned
Consolidated list as on 22.11.2021,342,Levocetirizine + Paracetamol + Phenylephrine + Caffeine,S.O.4607 (E),2018-09-07,banned
Consolidated list as on 22.11.2021,343,Ketotifen + Levocetirizine,S.O.4608 (E),2018-09-07,banned
Consolidated list as on 22.11.2021,344,Paracetamol +Levocetirizine + Phenylephrine + Zinc Gluconate,S.O.4609 (E),2018-09-07,banned
Consolidated list as on 22.11.2021,345,Paracetamol + Phenylephrine + Triprolidine +Caffeine,S.O.4610 (E),2018-09-07,banned
Consolidated list as on 22.11.2021,346,Caffeine+ Paracetamol + Phenylephrine + Cetirizine,S.O.4611(E),2018-09-07,banned
Consolidated list as on 22.11.2021,347,Dextromethorphan+ Phenylephrine +Guaifenesin,S.O.4612 (E),2018-09-07,banned
Consolidated list as on 22.11.2021,348,Ambroxol + Levocetirizine +Phenylephrine +Guaiphenesin +Menthol,S.O.4613 (E),2018-09-07,banned
Consolidated list as on 22.11.2021,349,Pseudoephedrine + Cetirizine,S.O.4614 (E),2018-09-07,banned
Consolidated list as on 22.11.2021,350,Dextromethorphan + Chlorpheniramine + Ammonium Chloride + Menthol,S.O.4615 (E),2018-09-07,banned
Consolidated list as on 22.11.2021,351,Salbutamol + Aminophylline + Guaifenesin,S.O.4617 (E),2018-09-07,banned
Consolidated list as on 22.11.2021,352,Salbutamol+ Theophylline +Bromhexine,S.O.4618 (E),2018-09-07,banned
Consolidated list as on 22.11.2021,353,Chlorpheniramine + Dextromethorphan + Guaifenesin + Phenylephrine,S.O.4619 (E),2018-09-07,banned
Consolidated list as on 22.11.2021,354,Caffeine + Paracetamol + Chlorpheniramine,S.O.4620 (E),2018-09-07,banned
Consolidated list as on 22.11.2021,355,Ammonium Chloride + Dextromethorphan + Cetirizine + Menthol,S.O.4621 (E),2018-09-07,banned
Consolidated list as on 22.11.2021,356,Dextromethorphan + Paracetamol + Cetirizine + Phenylephrine,S.O.4622 (E),2018-09-07,banned
Consolidated list as on 22.11.2021,357,Chlorpheniramine + Terpin + Antimony Potassium Tartrate + Ammonium chloride + Sodium Citrate + Menthol,S.O. 4623 (E),2018-09-07,banned
Consolidated list as on 22.11.2021,358,Terbutaline Sulphate + Etofylline + Ambroxol,S.O.4624 (E),2018-09-07,banned
Consolidated list as on 22.11.2021,359,Paracetamol + Codeine + Chlorpheniramine,S.O.4625(E),2018-09-07,banned
Consolidated list as on 22.11.2021,360,Paracetamol + Pseudoephedrine + Cetirizine + Caffeine,S.O.4626 (E),2018-09-07,banned
Consolidated list as on 22.11.2021,361,Chlorpheniramine + Ammonium Chloride + Menthol,S.O.4627(E),2018-09-07,banned
Consolidated list as on 22.11.2021,362,N-Acetyl Cysteine + Ambroxol + Phenylephrine + Levocetirizine,S.O.4628 (E),2018-09-07,banned
Consolidated list as on 22.11.2021,363,Dextromethorphan + Phenylephrine + Tripolidine + Menthol,S.O.4629 (E),2018-09-07,banned
Consolidated list as on 22.11.2021,364,Salbutamol + Cetirizine+ Ambroxol,S.O.4630 (E),2018-09-07,banned
Consolidated list as on 22.11.2021,365,Dextromethorphan + Phenylephrine + Bromhexine + Guaifenesin + Chlorpheniramine,S.O.4631 (E),2018-09-07,banned
Consolidated list as on 22.11.2021,366,Nimesulide + Cetirizine +Phenylephrine,S.O.4632 (E),2018-09-07,banned
Consolidated list as on 22.11.2021,367,Naphazoline + Chlorpheniramine+ Zinc Sulphate +Boric Acid + Sodium chloride + Chlorobutol,S.O.4633 (E),2018-09-07,banned
Consolidated list as on 22.11.2021,368,Dextromethorphan + Phenylephrine + Guaifenesin + Cetirizine + Acetaminophen,S.O.4634 (E),2018-09-07,banned
Consolidated list as on 22.11.2021,369,Guaifenesin + Bromhexine + Chlorpheniramine + Paracetamol,S.O.4635 (E),2018-09-07,banned
Consolidated list as on 22.11.2021,370,Chlorpheniramine + Ammonium Chloride + Chloroform + Menthol,S.O.4636 (E),2018-09-07,banned
Consolidated list as on 22.11.2021,371,Salbutamol + Choline Theophylinate + Ambroxol,S.O.4637 (E),2018-09-07,banned
Consolidated list as on 22.11.2021,372,Pseudoephedrine +Bromhexine,S.O.4638 (E),2018-09-07,banned
Consolidated list as on 22.11.2021,373,Cetirizine + Phenylephrine + Paracetamol + Caffeine + Nimesulide,S.O.4639 (E),2018-09-07,banned
Consolidated list as on 22.11.2021,374,Dextromethorphan + Cetirizine + Guaifenesin + Ammonium Chloride,S.O.4640 (E),2018-09-07,banned
Consolidated list as on 22.11.2021,375,Ambroxol + Salbutamol + Choline Theophyllinate + Menthol,S.O.4641 (E),2018-09-07,banned
Consolidated list as on 22.11.2021,376,Paracetamol +Chlorpheniramine + Ambroxol + Guaifenesin + Phenylephrine,S.O.4642(E),2018-09-07,banned
Consolidated list as on 22.11.2021,377,Chlorpheniramine + Vasaka + Tolubalsam + Ammonium Chloride + Sodium Citrate + Menthol,S.O. 4643 (E),2018-09-07,banned
Consolidated list as on 22.11.2021,378,Bromhexine + Cetirizine + Phenylephrine + Guaifenesin + Menthol,S.O.4644 (E),2018-09-07,banned
Consolidated list as on 22.11.2021,379,Dextromethorphan + Ambroxol + Ammonium Chloride + Chlorpheniramine + Menthol,S.O. 4645 (E),2018-09-07,banned
Consolidated list as on 22.11.2021,380,Dextromethorphan + Phenylephrine + Cetirizine + Zinc + Menthol,S.O.4646 (E),2018-09-07,banned
Consolidated list as on 22.11.2021,381,Terbutaline + N-AcetylL - Cysteine + Guaifenesin,S.O.4647 (E),2018-09-07,banned
Consolidated list as on 22.11.2021,382,Calcium Gluconate + Levocetirizine,S.O.4648 (E),2018-09-07,banned
Consolidated list as on 22.11.2021,383,Paracetamol + Levocetirizine + Pseudoephedrine,S.O.4649 (E),2018-09-07,banned
Consolidated list as on 22.11.2021,384,Salbutamol + Choline Theophylinate + Carbocisteine,S.O.4650 (E),2018-09-07,banned
Consolidated list as on 22.11.2021,385,Chlorpheniramine + Vitamin C,S.O.4651 (E),2018-09-07,banned
Consolidated list as on 22.11.2021,386,Calcium Gluconate + Chlorpheniramine + Vitamin C,S.O.4652 (E),2018-09-07,banned
Consolidated list as on 22.11.2021,387,Chlorpheniramine + Paracetamol+ Pseudoephedrine + Caffeine,S.O.4653 (E),2018-09-07,banned
Consolidated list as on 22.11.2021,388,Guaifenesin + Bromhexine + Chlorpheniramine + Phenylephrine + Paracetamol + Serratiopeptidase (as enteric coated granules) 10000 S P Units,S.O.4654 (E),2018-09-07,banned
Consolidated list as on 22.11.2021,389,Paracetamol + Pheniramine,S.O.4655 (E),2018-09-07,banned
Consolidated list as on 22.11.2021,390,Betamethasone+ Fusidic Acid + Gentamycin+ Tolnaftate + Iodochlorhydroxyquinoline (ICHQ),S.O.4656(E),2018-09-07,banned
Consolidated list as on 22.11.2021,391,Clobetasol + Ofloxacin + Miconazole + Zinc Sulphate,S.O.4657(E),2018-09-07,banned
Consolidated list as on 22.11.2021,392,Clobetasole + Gentamicin + Miconazole + Zinc Sulphate,S.O.4658(E),2018-09-07,banned
Consolidated list as on 22.11.2021,393,Levocetirizine + Ambroxol + Phenylephrine + Paracetamol,S.O.4659(E),2018-09-07,banned
Consolidated list as on 22.11.2021,394,Permethrin + Cetrimide + Menthol,S.O.4660(E),2018-09-07,banned
Consolidated list as on 22.11.2021,395,Beclomethasone + Clotimazole + Neomycin + Iodochlorohydroxyquinone,S.O.4661(E),2018-09-07,banned
Consolidated list as on 22.11.2021,396,Neomycin +Doxycycline,S.O.4662(E),2018-09-07,banned
Consolidated list as on 22.11.2021,397,Ciprofloxacin +Fluocinolone + Clotrimazole + Neomycin + Chlorocresol,S.O.4663(E),2018-09-07,banned
Consolidated list as on 22.11.2021,398,Clobetasol +Ofloxacin + Ketoconazole + Zinc Sulphate,S.O.4664(E),2018-09-07,banned
Consolidated list as on 22.11.2021,399,Betamethasone + Gentamicin + Tolnaftate + Iodochlorhydroxyquinoline,S.O.4665(E),2018-09-07,banned
Consolidated list as on 22.11.2021,400,Clobetasol + Gentamicin + Tolnaftate + Idochlorhydroxyquinone + Ketoconazole,S.O.4666(E),2018-09-07,banned
Consolidated list as on 22.11.2021,401,Allantoin + Dimethieone + Urea + Propylene + Glycerin + Liquid paraffin,S.O.4667(E),2018-09-07,banned
Consolidated list as on 22.11.2021,402,Acriflavine + Thymol + Cetrimide,S.O.4668(E),2018-09-07,banned
Consolidated list as on 22.11.2021,403,Betamethasone + Neomycin + Tolnaftate + IodoChloro Hydroxy Quinoline + Chlorocresol,S.O.4669(E),2018-09-07,banned
Consolidated list as on 22.11.2021,404,Clobetasol + Neomycin + Miconazole + Clotrimazole,S.O.4670(E),2018-09-07,banned
Consolidated list as on 22.11.2021,405,Ketoconazole + Tea Tree Oil + Allantoin + inc Oxide + Aloe Vera + Jojoba oil + Lavander oil + Soap noodles,S.O.4671(E),2018-09-07,banned
Consolidated list as on 22.11.2021,406,Clobetasol + Ofloxacin + Ornidazole +Terbinafine,S.O.4672(E),2018-09-07,banned
Consolidated list as on 22.11.2021,407,Clobetasol + Neomycin +Miconazole +Zinc Sulphate,S.O.4673(E),2018-09-07,banned
Consolidated list as on 22.11.2021,408,Beclomethasone + Neomycin + Tolnaftate + Iodochlorhydroxyquinoline + Chlorocresol,S.O.4674(E),2018-09-07,banned
Consolidated list as on 22.11.2021,409,Betamethasone + Gentamycin + Zinc Sulphate +Clotrimazole + Chlorocresol,S.O.4675(E),2018-09-07,banned
Consolidated list as on 22.11.2021,410,Borax + Boric acid + Naphazoline +Menthol + Camphor + Methyl hydroxy benzoate,S.O.4676 (E),2018-09-07,banned
Consolidated list as on 22.11.2021,411,Bromhexine + Dextromethorphan,S.O.4677 (E),2018-09-07,banned
Consolidated list as on 22.11.2021,412,Dextromethorphan + Chlorpheniramine + Bromhexine,S.O.4678 (E),2018-09-07,banned
Consolidated list as on 22.11.2021,413,Menthol + Anesthetic Ether,S.O. 4679 (E),2018-09-07,banned
Consolidated list as on 22.11.2021,414,Dextromethorphan + Chlorpheniramine + Ammonium Chloride + Sodium Citrate +Menthol,S.O. 4680 (E),2018-09-07,banned
Consolidated list as on 22.11.2021,415,Ergotamine Tartrate + Belladona dry extract + Caffeine + Paracetamol,S.O.4681(E),2018-09-07,banned
Consolidated list as on 22.11.2021,416,Gliclazide 40mg + Metformin 400mg,S.O.4682(E),2018-09-07,banned
Consolidated list as on 22.11.2021,417,Paracetamol + Ambroxol + Phenylephrine + Chlorpheniramine,S.O.4683(E),2018-09-07,banned
Consolidated list as on 22.11.2021,418,Ofloxacin + Ornidazole Suspension,S.O.4684 (E),2018-09-07,banned
Consolidated list as on 22.11.2021,419,Albuterol + Etofylline + Bromhexine + Menthol,S.O.4685 (E),2018-09-07,banned
Consolidated list as on 22.11.2021,420,Albuterol + Bromhexine + Theophylline,S.O.4686(E),2018-09-07,banned
Consolidated list as on 22.11.2021,421,Paracetamol + Phenylephrine + Levocetirizine + Sodium Citrate,S.O.4688(E),2018-09-07,banned
Consolidated list as on 22.11.2021,422,Guaifenesin + Diphenhydramine + Bromhexine +Phenylephrine,S.O.4690(E),2018-09-07,banned
Consolidated list as on 22.11.2021,423,Dried Aluminium Hydroxide Gel + Propantheline Bromide +Diazepam,S.O.4691(E),2018-09-07,banned
Consolidated list as on 22.11.2021,424,Bromhexine +Phenylephrine + Chlorpheniramine + Paracetamol,S.O.4692(E),2018-09-07,banned
Consolidated list as on 22.11.2021,425,Beclomethasone + Clotrimazole + Gentamicin + Iodo- Chlorhydroxyquinoline,S.O.4693(E),2018-09-07,banned
Consolidated list as on 22.11.2021,426,Telmisartan + Metformin,S.O.4694(E),2018-09-07,banned
Consolidated list as on 22.11.2021,427,Ammonium Citrate + Vitamin B12 + Folic Acid + Zinc Sulphate,S.O.4695(E),2018-09-07,banned
Consolidated list as on 22.11.2021,428,Levo thyroxine Pyridoxine + Nicotinamide,S.O.4696(E),2018-09-07,banned
Consolidated list as on 22.11.2021,429,Benfotiamine + Metformin,S.O.4697(E),2018-09-07,banned
Consolidated list as on 22.11.2021,430,Thyroid + Thiamine + Riboflavin + Pyridoxine + Calcium Pantothenate + Tocopheryl Acetate + Nicotinamide,S.O.4698(E),2018-09-07,banned
Consolidated list as on 22.11.2021,431,Ascorbic Acid + Menadione Sodium Bisulphate + Rutin + Dibasic Calcium Phosphate + Adrenochrome Mono Semi carbazone,S.O.4699(E),2018-09-07,banned
Consolidated list as on 22.11.2021,432,Phenylephrine + Chlorpheniramine + Paracetamol + Bromhexine + Caffeine,S.O.4700(E),2018-09-07,banned
Consolidated list as on 22.11.2021,433,Clotrimazole +Beclomethasone +Lignocaine +Ofloxacin + Acetic Acid + Sodium Methyl Paraben + Propyl Paraben,S.O.4701(E),2018-09-07,banned
Consolidated list as on 22.11.2021,434,Fixed Dose Combinations Of Nimesulide + Levocetrizine,S.O.4702 (E),2018-09-07,banned
Consolidated list as on 22.11.2021,435,Fixed Dose Combinations Of Ofloxacin + Ornidazole Injection,S.O.4703 (E),2018-09-07,banned
Consolidated list as on 22.11.2021,436,Fixed Dose Combinations Of Gemifloxacin + Ambroxol,S.O.4704(E),2018-09-07,banned
Consolidated list as on 22.11.2021,437,Fixed Dose Combinations Of Glucosamin + Ibuprofen,S.O.4705 (E),2018-09-07,banned
Consolidated list as on 22.11.2021,438,5-bromosalicyl-4-chloranilide + Salicylic acid,S.O.180(E),2019-01-11,banned
Consolidated list as on 22.11.2021,439,Activated charcoal + Fungal diastase + Lactic acid,S.O.181(E),2019-01-11,banned
Consolidated list as on 22.11.2021,440,Allobarbitone + Phospho-dimethyl-isopropyl-pyrazolone,S.O.182(E),2019-01-11,banned
Consolidated list as on 22.11.2021,441,Artesunate + Arteether + Artemether,S.O.183(E),2019-01-11,banned
Consolidated list as on 22.11.2021,442,Atorvastatin + Acetyl Salicylic acid + Caffeine,S.O.184 (E),2019-01-11,banned
Consolidated list as on 22.11.2021,443,Chlormezanone + Paracetamol+ Diclofenac sodium,S.O.185 (E),2019-01-11,banned
Consolidated list as on 22.11.2021,444,Chlormezanone +Paracetamol + Ibuprofen,S.O.186 (E),2019-01-11,banned
Consolidated list as on 22.11.2021,445,Chlorzoxazone + Ibuprofen + Paracetamol + Diclofenac + Oxyphenbutazone + Magnesium hydroxide,S.O.187 (E),2019-01-11,banned
Consolidated list as on 22.11.2021,446,Chlorzoxazone + Paracetamol + Ibuprofen + Diclofenac sodium,S.O.188 (E),2019-01-11,banned
Consolidated list as on 22.11.2021,447,Ciprofloxacin + Tinidazole + Dicyclomine,S.O.189 (E),2019-01-11,banned
Consolidated list as on 22.11.2021,448,Dicyclomine + Dextromethorphan + Paracetamol,S.O.190 (E),2019-01-11,banned
Consolidated list as on 22.11.2021,449,Dicyclomine + Paracetamol + Chlordiazepoxide,S.O.191 (E),2019-01-11,banned
Consolidated list as on 22.11.2021,450,Dicyclomine +Paracetamol +Phenylisopropyl Pyrazolone,S.O.192 (E),2019-01-11,banned
Consolidated list as on 22.11.2021,451,Dicyclomine + Serratiopeptidase,S.O.193 (E),2019-01-11,banned
Consolidated list as on 22.11.2021,452,Ibuprofen + Colchicine,S.O.194 (E),2019-01-11,banned
Consolidated list as on 22.11.2021,453,Ibuprofen + Dextropropoxyphene + Paracetamol,S.O.195 (E),2019-01-11,banned
Consolidated list as on 22.11.2021,454,Ibuprofen + Paracetamol + Colchicine,S.O.196 (E),2019-01-11,banned
Consolidated list as on 22.11.2021,455,Ibuprofen + Paracetamol+ Magnesium trisilicate,S.O.197 (E),2019-01-11,banned
Consolidated list as on 22.11.2021,456,Mebeverine + Alprazolam,S.O.198 (E),2019-01-11,banned
Consolidated list as on 22.11.2021,457,Mecobalamin + Methenamine mandelate,S.O.199 (E),2019-01-11,banned
Consolidated list as on 22.11.2021,458,Norfloxacin +Tinidazole +Dicyclomine,S.O.200 (E),2019-01-11,banned
Consolidated list as on 22.11.2021,459,Norfloxacin+Tinidazole+Loperamide,S.O.201 (E),2019-01-11,banned
Consolidated list as on 22.11.2021,460,Ondansetron +Paracetamol,S.O.202 (E),2019-01-11,banned
Consolidated list as on 22.11.2021,461,Paracetamol + Alprazolam,S.O.203 (E),2019-01-11,banned
Consolidated list as on 22.11.2021,462,Paracetamol + Diclofenac Sodium + Amoxicillin + Cloxacillin + Pantoprazole + Lactic Acid Bacillus + Serratiopeptidase,S.O.204 (E),2019-01-11,banned
Consolidated list as on 22.11.2021,463,Paracetamol + Diclofenac sodium + Magnesium Trisilicate + Chlorpheniramine Maleate,S.O.205 (E),2019-01-11,banned
Consolidated list as on 22.11.2021,464,Paracetamol + Ketoprofen + Dextropropoxyphene,S.O.206 (E),2019-01-11,banned
Consolidated list as on 22.11.2021,465,Ranitidine + Dicyclomine + Clidinium bromide,S.O.207 (E),2019-01-11,banned
Consolidated list as on 22.11.2021,466,Ranitidine + Omeprazole,S.O.208 (E),2019-01-11,banned
Consolidated list as on 22.11.2021,467,Acriflavine + Gentian violet + Brilliant green,S.O.209 (E),2019-01-11,banned
Consolidated list as on 22.11.2021,468,Allantoin + Triclosan + Vitamin E + Zinc Oxide,S.O.210 (E),2019-01-11,banned
Consolidated list as on 22.11.2021,469,Allantoin + Vitamin E + Camellia Sinensis,S.O.211 (E),2019-01-11,banned
Consolidated list as on 22.11.2021,470,Atorvastatin + Omega 3 Fatty Acid 250mg,S.O.212 (E),2019-01-11,banned
Consolidated list as on 22.11.2021,471,Atorvastatin + Ubidecarenone,S.O.213 (E),2019-01-11,banned
Consolidated list as on 22.11.2021,472,Cefixime + Lactobacillus + Clavulanic Acid,S.O.214 (E),2019-01-11,banned
Consolidated list as on 22.11.2021,473,Cefixime + Ornidazole,S.O.215 (E),2019-01-11,banned
Consolidated list as on 22.11.2021,474,Ceftriaxone + Vancomycin,S.O.216 (E),2019-01-11,banned
Consolidated list as on 22.11.2021,475,Cefuroxime + Ornidazole,S.O.217 (E),2019-01-11,banned
Consolidated list as on 22.11.2021,476,Diclofenac + Pitofenone Hydrochloride + Fenpiverinium Bromide + Paracetamol,S.O.218 (E),2019-01-11,banned
Consolidated list as on 22.11.2021,477,Dicyclomine + Paracetamol + Dextropropoxyphene + Chlordiazepoxide,S.O.219 (E),2019-01-11,banned
Consolidated list as on 22.11.2021,478,Dicyclomine + Paracetamol + Dimethylpolysiloxane,S.O.220 (E),2019-01-11,banned
Consolidated list as on 22.11.2021,479,Dicyclomine + Paracetamol+ Simethicone,S.O.221 (E),2019-01-11,banned
Consolidated list as on 22.11.2021,480,Doxycycline + Tinidazole,S.O.222 (E),2019-01-11,banned
Consolidated list as on 22.11.2021,481,Drotaverine + Omeprazole,S.O.223 (E),2019-01-11,banned
Consolidated list as on 22.11.2021,482,Fenpiverinium Bromide + Diclofenac sodium + Pitofenone hydrochloride,S.O.224 (E),2019-01-11,banned
Consolidated list as on 22.11.2021,483,Glucosamine + Ascorbic Acid,S.O.225 (E),2019-01-11,banned
Consolidated list as on 22.11.2021,484,Glucosamine + Boswellia Serrata,S.O.226 (E),2019-01-11,banned
Consolidated list as on 22.11.2021,485,Glucosamine + Calcium Carbonate,S.O.227 (E),2019-01-11,banned
Consolidated list as on 22.11.2021,486,Glucosamine + Cetyl Myristate Oleate,S.O.228 (E),2019-01-11,banned
Consolidated list as on 22.11.2021,487,Glucosamine + Chondroitin sulphate +Methyl sulfonyl methane,S.O.229 (E),2019-01-11,banned
Consolidated list as on 22.11.2021,488,Glucosamine + Chondroitin sulphate + Vitamin C+ manganese sulphate,S.O.230 (E),2019-01-11,banned
Consolidated list as on 22.11.2021,489,Glucosamine + Chondroitin + Vitamin C + Vitamin E + Manganese,S.O.231 (E),2019-01-11,banned
Consolidated list as on 22.11.2021,490,Glucosamine + Chondroitin + Vitamin C,S.O.232 (E),2019-01-11,banned
Consolidated list as on 22.11.2021,491,Glucosamine + Chondroitin + Vitamin C + Vitamin E + Manganese sulphate + Sodium borate + Selenium dioxide,S.O.233 (E),2019-01-11,banned
Consolidated list as on 22.11.2021,492,Glucosamine + Cholecalciferol + Manganese + Ascorbic acid,S.O.234 (E),2019-01-11,banned
Consolidated list as on 22.11.2021,493,Glucosamine + Manganese,S.O.235 (E),2019-01-11,banned
Consolidated list as on 22.11.2021,494,Glucosamine +Mecobalamin + Dimethyl Sulfone,S.O.236 (E),2019-01-11,banned
Consolidated list as on 22.11.2021,495,Glucosamine + Mecobalamin,S.O.237 (E),2019-01-11,banned
Consolidated list as on 22.11.2021,496,Glucosamine + Mecobalamin + Milk calcium,S.O.238 (E),2019-01-11,banned
Consolidated list as on 22.11.2021,497,Glucosamine + Methyl sulfonyl methane,S.O.239 (E),2019-01-11,banned
Consolidated list as on 22.11.2021,498,Glucosamine + Methyl sulfonyl methane + Cetyl Myristate,S.O.240 (E),2019-01-11,banned
Consolidated list as on 22.11.2021,499,Glucosamine + Vitamin C + Calcium + Methyl Sulfonyl Methane + Chondroitin + Manganese,S.O.241 (E),2019-01-11,banned
Consolidated list as on 22.11.2021,500,Glucosamine + Vitamin C+ Vitamin E + Chondroitin sulphate + Methyl sulfonyl methane + Manganese sulphate,S.O.242 (E),2019-01-11,banned
Consolidated list as on 22.11.2021,501,Glucosamine sulphate + Chondroitin sulphate + Vitamin E + Manganese,S.O.243 (E),2019-01-11,banned
Consolidated list as on 22.11.2021,502,Glucosamine + Calcium + Vitamin D3,S.O.244 (E),2019-01-11,banned
Consolidated list as on 22.11.2021,503,Ornidazole + Doxycycline,S.O.245 (E),2019-01-11,banned
Consolidated list as on 22.11.2021,504,Ornidazole + Fluconazole + Azithromycin,S.O.246 (E),2019-01-11,banned
Consolidated list as on 22.11.2021,505,Propranolol + Hydralazine,S.O.247 (E),2019-01-11,banned
Consolidated list as on 22.11.2021,506,Propranolol + Hydrochlorothiazide + Dihydralazine,S.O.248 (E),2019-01-11,banned
Consolidated list as on 22.11.2021,507,Ranitidine + Dicyclomine + Nimesulide,S.O.249 (E),2019-01-11,banned
Consolidated list as on 22.11.2021,508,Ranitidine + Dicycloverine + Simethicone,S.O.250 (E),2019-01-11,banned
Consolidated list as on 22.11.2021,509,Ranitidine + Drotaverine,S.O.251 (E),2019-01-11,banned
Consolidated list as on 22.11.2021,510,Telmisartan + Ramipril + Hydrochlorothiazide,S.O.252 (E),2019-01-11,banned
Consolidated list as on 22.11.2021,511,Ibuprofen + Paracetamol+ Phenylephrine + Chlorpheniramine maleate,S.O.253 (E),2019-01-11,banned
Consolidated list as on 22.11.2021,512,Nimesulide + Phenylephrine + Chlorpheniramine maleate + Caffeine,S.O.254 (E),2019-01-11,banned
Consolidated list as on 22.11.2021,513,Nimesulide + Pitofenone + Fenpiverinium Bromide,S.O.255 (E),2019-01-11,banned
Consolidated list as on 22.11.2021,514,Nimesulide+ Pseudoephedrine + Cetirizine,S.O.256 (E),2019-01-11,banned
Consolidated list as on 22.11.2021,515,Ofloxacin + Diclofenac + Lignocaine,S.O.257 (E),2019-01-11,banned
Consolidated list as on 22.11.2021,516,Ondansetron + Omeprazole,S.O.258 (E),2019-01-11,banned
Consolidated list as on 22.11.2021,517,Hydrochlorothiazide + Ramipril +Losartan Potassium,S.O.259 (E),2019-01-11,banned
Consolidated list as on 22.11.2021,518,Fixed dose combinations of Corticosteroids with any other drug [excluding Fixed Dose Combination of Tamsulosin HCl 0.4mg (as film coated modified release tablet) + Deflazacort 30mg in hard gelatin capsule] for internal use except for preparations meant for meter dose inhalers and dry powder inhalers. Substituted vide,GSR NO. 255(E),2021-04-07,banned
