Drug or Other Substance	CYP Strg INH	CYP Mod INH	CYP WK INH	CYP Strg IND	CYP Mod IND	CYP WK IND	CYP SENS SUB	CYP Mod SENS SUB	TRNSP INH	TRNSP SUB
abiraterone		2D6 moderate inhibitor								
acyclovir			1A2 weak inhibitor							
adagrasib	3A strong inhibitor									
adefovir1										OAT1 substrate
alfentanil							3A sensitive substrate			
allopurinol			1A2 weak inhibitor							
alosetron							1A2 sensitive substrate			
alprazolam								3A moderate sensitive substrate		
amiodarone		2C9 moderate inhibitor	2D6; 3A weak inhibitor						P-gp inhibitor	
apalutamide				3A strong inducer	2C19 moderate inducer	2C9 weak inducer				
aprepitant						2C9 weak inducer		3A moderate sensitive substrate		
aprepitant		3A moderate inhibitor								
armodafinil						3A weak inducer				
atazanavir and ritonavir									OATP1B1; OATP1B3 inhibitor	
atomoxetine							2D6 sensitive substrate			
atorvastatin								3A moderate substrate		OATP1B1; OATP1B3 substrate
avanafil							3A sensitive substrate			
baricitinib										OAT3 substrate
belumosudil									P-gp; BCRP inhibitor	
bosentan					3A moderate inducer					OATP1B1; OATP1B3 substrate
Brigatinib								3A moderately sensitive substrate		
budesonide							3A sensitive substrate			
bumetanide										OAT3 substrate
bupropion2	2D6 strong inhibitor						2B6 sensitive substrate			
buspirone							3A sensitive substrate			
caffeine							1A2 sensitive substrate			
capmatinib		1A2 moderate inhibitor							P-gp; BCRP inhibitor	
carbamazepine				2B6; 3A strong inducer		2C9 weak inducer				
cefaclor										OAT3 substrate
ceftizoxime										OAT3 substrate
celecoxib3			2D6 weak inhibitor				2C9 sensitive substrate			
cenobamate4		2C19 moderate inhibitor			CYP3A moderate inducer b					
ceritinib	3A strong inhibitor		2C9 weak inhibitor							
chlorzoxazone			3A weak inhibitor							
cilostazol			3A weak inhibitor							
cimetidine			3A; 1A2; 2D6 weak inhibitor						OCT2; MATE1; MATE2-K inhibitor	
cinacalcet		2D6 moderate inhibitor								
ciprofloxacin		1A220; 3A moderate inhibitor								OAT1; OAT3 substrate
clarithromycin	3A strong inhibitor								P-gp; OATP1B1; OATP1B3 inhibitor	
clobazam			2D6 weak inhibitor							
clopidogrel		2C8 moderate inhibitor	2B6 weak inhibitor							
clotrimazole			3A weak inhibitor							
clozapine								1A2 moderate sensitive substrate		
cobicistat	3A strong inhibitor		2D6 weak inhibitor						P-gp inhibitor	
colchicine								3A moderate sensitive substrate		
conivaptan		3A moderate inhibitor5					3A sensitive substrate			
crizotinib		3A moderate inhibitor								
curcumin									BCRP inhibitor	
cyclosporine			3A weak inhibitor						P-gp; BCRP; OATP1B1; OATP1B3 inhibitor	
dabigatran etexilate										P-gp substrate
dabrafenib					3A moderate inducer	2C9 weak inducer				
danicopan									P-gp; BCRP inhibitor	
darifenacin							3A sensitive substrate			
darolutamide									BCRP; OATP1B1; OATP1B3 inhibitor	
darunavir6							3A sensitive substrate			
dasatinib							3A sensitive substrate			
deferasirox		2C8 moderate inhibitor								
desipramine							2D6 sensitive substrate			
desloratadine								2C8 moderately sensitive substrate		
dextromethorphan							2D6 sensitive substrate			
diazepam								2C19 moderate sensitive substrate		
digoxin										P-gp substrate
diltiazem7		3A moderate inhibitor								
diosmin			2C9 weak inhibitor							
disulfiram			2C9 weak inhibitor							
docetaxel										OATP1B1; OATP1B3 substrate
dolutegravir									OCT2 inhibitor	
dronedarone		3A moderate inhibitor					3A sensitive substrate		P-gp inhibitor	
duloxetine		2D6 moderate inhibitor					1A2 sensitive substrate			
edoxaban										P-gp substrate
efavirenz					3A; 2B6; 2C19 moderate inducer			2B6 moderate sensitive substrate		
elagolix						3A weak inducer				OATP1B1; OATP1B3 substrate
eletriptan							3A sensitive substrate			
eliglustat							2D6 sensitive substrate	3A moderate sensitive substrate		
eltrombopag									BCRP inhibitor	
elvitegravir and ritonavir	3A strong inhibitor									
Entrectinib			3A weak inhibitor				3A sensitive substrate			
enzalutamide				3A strong inducer	2C9; 2C19 moderate inducer					
eplerenone							3A sensitive substrate			
erythromycin		3A moderate inhibitor							P-gp inhibitor	
escitalopram			2D6 weak inhibitor							
etravirine					3A moderate inducer					
everolimus							3A sensitive substrate			
famotidine										OAT3 substrate
febuxostat									BCRP inhibitor	
felbamate		2C19 moderate inhibitor								
felodipine							3A sensitive substrate			
fexofenadine										OATP1B1; OATP1B3; P-gp substrate
fezolinetant							1A2 sensitive substrate			
fluconazole	2C19 strong inhibitor	3A; 2C9 moderate inhibitor								
fluoxetine	2C19; 2D6 strong inhibitor									
fluvastatin			2C9 weak inhibitor							
fluvoxamine8	1A2; 2C19 strong inhibitor		3A; 2C9; 2D6 weak inhibitor							
fosaprepitant			3A weak inhibitor							
fostamatinib								3A moderately sensitive substrate	P-gp; BCRP inhibitor	
furosemide										OAT1; OAT3 substrate
gemfibrozil	2C8 strong inhibitor								OAT3; OATP1B1; OATP1B3 inhibitor	
glimepiride								2C9 moderate sensitive substrate		
glyburide										OATP1B1; OATP1B3 substrate
grapefruit juice9		3A moderate inhibitor								
ibrutinib							3A sensitive substrate			
idelalisib	3A strong inhibitor									
imatinib		3A moderate inhibitor								
imipramine								2D6 moderate sensitive substrate		
indinavir and ritonavir	3A strong inhibitor									
indinavir6							3A sensitive substrate			
isavuconazole		3A moderate inhibitor				2B6 weak inducer	3A sensitive substrate		OCT2; MATE1; MATE2-K inhibitor	
istradefylline			3A weak inhibitor							
itraconazole	3A strong inhibitor								P-gp inhibitor	
ivabradine							3A sensitive substrate			
ivacaftor			3A weak inhibitor							
ivosidenib10				3A strong inducer						
ketoconazole	3A strong inhibitor								P-gp inhibitor	
labetalol			2D6 weak inhibitor							
lansoprazole11								2C19 moderate sensitive substrate		
lapatinib									P-gp inhibitor	
Larotrectinib			3A weak inhibitor					3A moderately sensitive substrate		
Lazertinib			3A weak inhibitor						BCRP inhibitor	
lemborexant						2B6 weak inducer	3A sensitive substrate			
leniolisib								3A moderately sensitive substrate	BCRP; OATP1B inhibitor	
lomitapide			3A weak inhibitor				3A sensitive substrate			
Loperamide								2C8 and 3A moderately sensitive substrate		P-gp transporter substrate
lopinavir and ritonavir	3A strong inhibitor								P-gp; OATP1B1; OATP1B3 inhibitor	
lorcaserin		2D6 moderate inhibitor								
lorlatinib					3A moderate inducer	2B6; 2C9 weak inducer				
lovastatin							3A sensitive substrate			OATP1B1 substrate
lumacaftor and ivacaftor				3A strong inducer						
lurasidone							3A sensitive substrate			
maraviroc							3A sensitive substrate			
melatonin							1A2 sensitive substrate			
metformin										MATE1; MATE2-K; OCT2 substrate
methotrexate										OAT3 substrate
methoxsalen		1A2 moderate inhibitor								
metoprolol								2D6 moderate sensitive substrate		
mexiletine		1A2 moderate inhibitor								
miconazole		2C9 moderate inhibitor								
midazolam							3A sensitive substrate			
mirabegron		2D6 moderate inhibitor								
mitotane				3A strong inducer						
mobocertinib						3A weak inducer	3A sensitive substrate			
modafinil12						3A weak inducer				
momelotinib									BCRP inhibitor	
montelukast								2C8 moderate sensitive substrate		
naloxegol							3A sensitive substrate			
nebivolol							2D6 sensitive substrate			
nefazodone	3A strong inhibitor									
nelfinavir	3A strong inhibitor									
nevirapine						2B6 weak inducer				
nisoldipine							3A sensitive substrate			
nortriptyline								2D6 moderate sensitive substrate		
omeprazole			2C19 weak inhibitor				2C19 sensitive substrate			
oral contraceptives		1A2 moderate inhibitor								
oseltamivir carboxylate1										OAT3 substrate
oteseconazole									BCRP inhibitor	
paclitaxel										OATP1B1; OATP1B3 substrate
paritaprevir and ritonavir and (ombitasvir and/or dasabuvir)	3A strong inhibitor									
paroxetine	2D6 strong inhibitor									
peginterferon alpha-2a			1A2 weak inhibitor							
penicillin G										OAT3 substrate
perphenazine							2D6 sensitive substrate			
pexidartinib					3A moderate inducer					
phenobarbital					3A moderate inducer					
phenytoin				3A strong inducer	1A2; 2C19 moderate inducer			2C9 moderate sensitive substrate		
pimozide								2D6 and 3A moderately sensitive substrate		
pioglitazone								2C8 moderate sensitive substrate		
piperine		2C9 moderate inhibitor	1A2 weak inhibitor							
pirfenidone								1A2 moderate sensitive substrate		
Pirtobrutinib		2C8 moderate inhibitor	3A and 2C19 weak inhibitor						BCRP and P-gp transporters inhibitor	
pitavastatin										OATP1B1; OATP1B3 substrate
posaconazole	3A strong inhibitor									
Pralsetinib								3A moderately sensitive substrate		
pravastatin										OATP1B1; OATP1B3 substrate
primidone					3A moderate inducer					
probenecid									OAT1; OAT3 inhibitor	
propafenone								2D6 moderate sensitive substrate	P-gp inhibitor	
propranolol								2D6 moderate sensitive substrate		
pyrimethamine									MATE1; MATE2-K inhibitor	
quetiapine							3A sensitive substrate			
quinidine	2D6 strong inhibitor								P-gp inhibitor	
R-venlafaxine							2D6 sensitive substrate			
rabeprazole								2C19 moderate sensitive substrate		
ramelteon							1A2 sensitive substrate			
ranitidine			3A weak inhibitor							
ranolazine			3A weak inhibitor						P-gp ; OCT2; MATE1; MATE2-K inhibitor	
repaglinide							2C8 sensitive substrate			OATP1B1; OATP1B3 substrate
Repotrectinib					3A moderate inducer		3A sensitive substrate			
resmetirom			2C8 weak inhibitor					2C8 moderately sensitive substrate	BCRP and OATP1B transporters inhibitor	OATP1B transporter substrate
rifampin				3A; 2C19 strong inducer	1A2, 2B6; 2C8; 2C9 moderate inducer				OATP1B113; OATP1B313 inhibitor	
rilpivirine								3A moderate sensitive substrate		
ritonavir 14, 15, 16	3A strong inhibitor					2B6; 2C9; 2C19 weak inducer				
rivaroxaban								3A moderate sensitive substrate		
rolapitant17		2D6 moderate inhibitor							P-gp; BCRP inhibitor	
rosiglitazone								2C8 moderate sensitive substrate		
rosuvastatin										BCRP; OATP1B1; OATP1B3 substrate
rufinamide						3A weak inducer				
S-mephenytoin							2C19 sensitive substrate			
S-venlafaxine								2D6 moderate sensitive substrate		
saquinavir and ritonavir	3A strong inhibitor								P-gp inhibitor	
saquinavir6							3A sensitive substrate			
selexipag 21							2C8 sensitive substrate			
Selpercatinib		2C8 moderate inhibitor	3A weak inhibitor					3A moderately sensitive substrate		
sertraline			2D6 weak inhibitor							
sevabertinib			3A weak inhibitor					3A moderately sensitive substrate		
sildenafil							3A sensitive substrate			
simvastatin							3A sensitive substrate			OATP1B1; OATP1B3 substrate
sirolimus							3A sensitive substrate			
Sofosbuvir and Velpatasvir and Voxilaprevir									P-gp; BCRP; OATP1B1; OATP1B3 inhibitor	
sotorasib					3A moderate inducer					
St. John’s wort18				3A strong inducer						
sulfasalazine										BCRP substrate
tacrolimus							3A sensitive substrate			
tadalafil								3A moderate sensitive substrate		
taletrectinib								3A moderately sensitive substrate		
tasimelteon							1A2 sensitive substrate			
Tazemetostat			2C8 weak inhibitor			3A weak inducer		3A moderately sensitive substrate		
telithromycin	3A strong inhibitor									
tenofovir1			2B6 weak inhibitor							OAT1 substrate
terbinafine	2D6 strong inhibitor									
teriflunomide		2C8 moderate inhibitor			1A2 moderate inducer				BCRP; OATP1B1 inhibitor; OAT3 inhibitor	
theophylline								1A2 moderate sensitive substrate		
ticagrelor			3A weak inhibitor				3A sensitive substrate		BCRP inhibitor	
ticlopidine	2C19 strong inhibitor		2B6 weak inhibitor							
tipranavir and ritonavir	3A strong inhibitor									
tipranavir6							3A sensitive substrate			
tizanidine							1A2 sensitive substrate			
tobacco (smoking)					1A2 moderate inducer					
tolbutamide								2C9 moderate sensitive substrate		
tolterodine							2D6 sensitive substrate			
tolvaptan							3A sensitive substrate			
tramadol								2D6 moderate sensitive substrate		
triazolam							3A sensitive substrate			
trimethoprim			2C8 weak inhibitor						MATE1; MATE2-K inhibitor	
trimipramine								2D6 moderate sensitive substrate		
tucatinib	3A strong inhibitor		2C8 weak inhibitor					2C8 moderately sensitive substrate	P-gp transporter inhibitor	
vadadustat									BCRP; OAT3 inhibitor	
vandetanib									MATE1; MATE2-K inhibitor	
vardenafil							3A sensitive substrate			
vemurafenib		1A2 moderate inhibitor	2D6 weak inhibitor			3A weak inducer				
venetoclax							3A sensitive substrate			
verapamil		3A moderate inhibitor							P-gp inhibitor	
voriconazole	3A strong inhibitor	2C19 moderate inhibitor	2B6; 2C9; weak inhibitor					2C19 moderate sensitive substrate		
warfarin19								2C9 moderate sensitive substrate		
zanubrutinib						3A and 2C19 weak inducer		3A moderately sensitive substrate		
zileuton			1A2 weak inhibitor							
zongertinib									BCRP inhibitor	
