id,table,page,kind,title,drugs,atc,exclude,drugs_b,atc_b,condition,min_count,points,advice,reason,evidence
T2-antihistamines,2,2057,avoid,First-generation (sedating) antihistamines,brompheniramine; chlorphenamine; cyproheptadine; dimenhydrinate; diphenhydramine; doxylamine; hydroxyzine; meclozine; promethazine; triprolidine,R06AA; R06AB; R06AD,,,,,,2,Avoid. A short course for a severe allergic reaction can still be appropriate.,"Strongly anticholinergic and cleared more slowly with age: confusion, dry mouth, constipation; long-term use is linked to falls, delirium and dementia.",moderate / strong
T2-nitrofurantoin,2,2057,avoid,Nitrofurantoin,nitrofurantoin,,,,,,,1,"Applies to long-term use to prevent urine infections, or when kidney function is low (CrCl under 30).","Can harm the lungs, liver and nerves with long use; safer options exist.",low / strong
T2-aspirin,2,2057,avoid,Aspirin for primary prevention,acetylsalicylic acid,,,,,,,1,"Applies if aspirin is taken only to prevent a first heart attack or stroke: do not start it, and ask about stopping it. Aspirin after a heart attack or stroke is usually still right.","Bleeding risk rises sharply with age, and for prevention alone the harm can outweigh the benefit.",high / strong
T2-warfarin,2,2057,avoid,Warfarin as a first choice,warfarin,,,,,,,1,Applies when starting a blood thinner for atrial fibrillation or a clot: newer ones (DOACs such as apixaban) are preferred. Long-term users with a stable INR may reasonably continue.,"More major bleeding, especially in the brain, than the newer blood thinners, and no better protection.",high / strong
T2-rivaroxaban,2,2058,avoid,Rivaroxaban for long-term use,rivaroxaban,,,,,,,1,Applies to long-term treatment of atrial fibrillation or clots: a safer blood thinner such as apixaban is usually preferred.,Higher risk of major and stomach bleeding in older adults than other DOACs.,moderate / strong
T2-dipyridamole,2,2058,avoid,Dipyridamole (short-acting tablets),dipyridamole,,,,,,,2,Avoid. Does not apply to the long-acting capsule combined with aspirin.,Can drop blood pressure on standing; better options exist.,moderate / strong
T2-alpha1,2,2058,avoid,"Doxazosin, prazosin, terazosin for blood pressure",doxazosin; prazosin; terazosin,,,,,,,1,Applies when used for blood pressure; use for prostate symptoms is a separate decision.,High risk of dizziness and falls from blood pressure dropping on standing.,moderate / strong
T2-central-alpha,2,2058,avoid,Clonidine and similar for blood pressure,clonidine; guanfacine; methyldopa,,,,,,,1,Applies when used as a first-choice blood pressure medicine.,"Drowsiness and confusion, slow heartbeat, and dizziness on standing.",low / strong
T2-nifedipine,2,2058,avoid,"Nifedipine, immediate-release",nifedipine,,,,,,,1,Applies to the quick-acting (immediate-release) form only; long-acting tablets are not included.,Blood pressure can fall too fast and strain the heart.,high / strong
T2-amiodarone,2,2058,avoid,Amiodarone as a first choice for atrial fibrillation,amiodarone,,,,,,,1,"Applies when it is the first medicine chosen for atrial fibrillation, unless there is heart failure or a thickened heart muscle.",More side effects than other rhythm medicines.,high / strong
T2-dronedarone,2,2058,avoid,Dronedarone,dronedarone,,,,,,,1,Applies with permanent atrial fibrillation or severe or recently worsened heart failure.,Worse outcomes in these patients.,high / strong
T2-digoxin,2,2059,avoid,Digoxin as a first choice,digoxin,,,,,,,1,"Applies when it is the first medicine chosen for atrial fibrillation or heart failure; if used, keep the dose at or under 0.125 mg a day.","Safer options exist, and it builds up when the kidneys slow with age.",low-moderate / strong
T2-anticholinergic-antidepressants,2,2059,avoid,Strongly anticholinergic antidepressants,amitriptyline; amoxapine; clomipramine; desipramine; doxepin; imipramine; nortriptyline; paroxetine,,,,,,,2,"Avoid. (Very low-dose doxepin, 6 mg a day or less, is an exception.)","Strongly anticholinergic, sedating, and cause dizziness on standing.",high / strong
T2-antiparkinson-anticholinergic,2,2059,avoid,"Benzatropine, trihexyphenidyl",benzatropine; trihexyphenidyl,,,,,,,2,"Avoid, including for side effects of antipsychotics.",Strongly anticholinergic; better treatments exist for Parkinson disease.,moderate / strong
T2-antipsychotics,2,2059,avoid,Antipsychotics,,N05A,lithium carbonate; lithium citrate,,,,,1,"Applies unless used for schizophrenia, bipolar disorder or another approved reason. Avoid for behaviour problems in dementia or delirium unless other approaches have failed.","Higher risk of stroke, faster memory decline and death in people with dementia.",moderate / strong
T2-barbiturates,2,2060,avoid,Barbiturates,butalbital; phenobarbital; primidone,N03AA; N05CA,,,,,,2,Avoid.,"Easy to become dependent on, stop helping sleep, and risk of overdose even at low doses.",high / strong
T2-benzodiazepines,2,2060,avoid,Benzodiazepines,clonazepam; clobazam,N05BA; N05CD,,,,,,2,"Avoid. May still be right for seizures, alcohol or benzodiazepine withdrawal, severe anxiety or before a procedure.","Older adults are more sensitive: confusion, falls, fractures and road accidents; dependence and misuse; dangerous with opioids.",moderate / strong
T2-z-drugs,2,2060,avoid,Z-drug sleeping tablets,eszopiclone; zaleplon; zolpidem,N05CF,,,,,,2,Avoid.,"Same harms as benzodiazepines (confusion, falls, fractures, hospital visits) for little extra sleep.",moderate / strong
T2-meprobamate,2,2060,avoid,Meprobamate,meprobamate,,,,,,,2,Avoid.,Very sedating and easy to become dependent on.,moderate / strong
T2-ergoloid,2,2060,avoid,Ergoloid mesylates,ergoloid mesylates,,,,,,,2,Avoid.,Does not work.,high / strong
T2-androgens,2,2061,avoid,Testosterone,methyltestosterone; testosterone,,,,,,,1,Applies unless there is confirmed low testosterone with symptoms.,"Possible heart problems, and risk in men with prostate cancer.",moderate / weak
T2-estrogens,2,2061,avoid,Estrogen tablets or patches (HRT),,G03C,,,,,,1,"Applies to tablets and patches: do not start them at this age, and ask about stopping. Low-dose vaginal creams or tablets are fine.","Started at 60 or older, the risks (breast and womb cancer, heart disease, stroke, clots, dementia) outweigh the benefits.",high / strong
T2-sulfonylureas,2,2061,avoid,Sulfonylureas for diabetes,gliclazide; glimepiride; glipizide; glibenclamide,A10BB,,,,,,1,"Applies when used as a first or second diabetes medicine while safer ones are available. If one is needed, a short-acting one (glipizide) is preferred over glimepiride or glibenclamide.","More low sugar episodes, heart problems and deaths than other diabetes medicines.",high-moderate / strong
T2-thyroid,2,2061,avoid,Desiccated thyroid,"thyroid, porcine",,,,,,,2,Avoid; use levothyroxine instead.,Concerns about effects on the heart.,low / strong
T2-megestrol,2,2062,avoid,Megestrol,megestrol acetate; megestrol,,,,,,,2,Avoid.,Adds little weight and raises the risk of clots and possibly death.,moderate / strong
T2-growth-hormone,2,2062,avoid,Growth hormone,somatropin,,,,,,,1,Applies unless there is a proven growth hormone deficiency.,"Small benefit with swelling, joint pain and raised blood sugar.",high / strong
T2-ppi,2,2062,avoid,Stomach acid tablets (PPIs) for more than 8 weeks,,A02BC,,,,,,1,"Applies when taken every day for more than 8 weeks without a clear reason (such as long-term steroids or painkillers, or severe reflux damage).","Long-term use is linked to gut infections (C. difficile), pneumonia, bone loss and fractures.",high-moderate / strong
T2-metoclopramide,2,2062,avoid,Metoclopramide,metoclopramide,,,,,,,2,"Avoid, except for gastroparesis for no more than 12 weeks.","Can cause movement disorders, sometimes permanent (tardive dyskinesia).",moderate / strong
T2-antispasmodics,2,2062,avoid,Strongly anticholinergic stomach antispasmodics,atropine; clidinium; dicycloverine; hyoscyamine; scopolamine,,,,,,,2,Avoid (atropine eye drops are not included).,"Strongly anticholinergic, and it is unclear that they help.",moderate / strong
T2-mineral-oil,2,2062,avoid,Liquid paraffin (mineral oil) by mouth,liquid paraffin; mineral oil; light mineral oil; white mineral oil,,,,,,,2,Avoid; use another laxative.,Can be breathed into the lungs by mistake.,moderate / strong
T2-desmopressin,2,2062,avoid,Desmopressin for night-time urination,desmopressin,,,,,,,1,Applies when used for passing urine at night.,High risk of low sodium in the blood.,moderate / strong
T2-nsaids,2,2062,avoid,"Painkillers of the NSAID type, long-term",nabumetone; nimesulide,M01AA; M01AB; M01AC; M01AE; M01AG,indometacin; ketorolac,,,,,1,"Applies to regular long-term use, or any regular use with steroids or blood thinners, unless nothing else works and a stomach-protecting tablet is taken too.","Stomach ulcers and bleeding (more likely over 75), raised blood pressure and kidney damage.",moderate / strong
T2-indomethacin-ketorolac,2,2063,avoid,Indomethacin and ketorolac,indometacin; ketorolac,,,,,,,2,Avoid.,The highest risk of stomach bleeding and kidney injury of all NSAIDs; indomethacin also affects the brain.,moderate / strong
T2-pethidine,2,2063,avoid,Pethidine (meperidine),pethidine,,,,,,,2,Avoid; safer painkillers exist.,Works poorly by mouth and can cause confusion and other nerve toxicity.,moderate / strong
T2-muscle-relaxants,2,2063,avoid,Muscle relaxants,carisoprodol; chlorzoxazone; cyclobenzaprine; metaxalone; methocarbamol; orphenadrine,,,,,,,2,Avoid. (Baclofen and tizanidine for spasticity are not included.),"Poorly tolerated: anticholinergic effects, drowsiness and fractures, with doubtful benefit at safe doses.",moderate / strong
T3-heart-failure,3,2065,condition,Worsens heart failure,cilostazol; diltiazem; verapamil; dronedarone; pioglitazone; rosiglitazone; nabumetone; nimesulide,M01AA; M01AB; M01AC; M01AE; M01AG; M01AH,,,,Heart failure,,2,"Avoid cilostazol; avoid diltiazem and verapamil if the heart pumps weakly; avoid NSAIDs, pioglitazone and dronedarone if heart failure causes symptoms.","Can cause fluid build-up and make heart failure worse, or raise the risk of death.",low-high / strong
T3-syncope,3,2065,condition,Worsens fainting,chlorpromazine; olanzapine; donepezil; galantamine; rivastigmine; doxazosin; prazosin; terazosin; amitriptyline; clomipramine; doxepin; imipramine,,,,,Fainting (syncope),,2,Avoid.,"Lower blood pressure on standing or slow the heartbeat, which can cause more fainting.",high / weak-strong
T3-delirium,3,2066,condition,Worsens delirium (sudden confusion),@table7; clonazepam; clobazam; cimetidine; famotidine; nizatidine; eszopiclone; zaleplon; zolpidem; codeine,N05A; N05BA; N05CD; H02AB; A02BA; N05CF; N02A,lithium carbonate; lithium citrate,,,Delirium,,2,"Avoid in anyone with, or at high risk of, delirium. Steroids, if needed, at the lowest dose for the shortest time.",Can bring on or worsen sudden confusion.,low-moderate / strong
T3-dementia,3,2066,condition,Worsens dementia,@table7; clonazepam; clobazam; eszopiclone; zaleplon; zolpidem,N05A; N05BA; N05CD; N05CF,lithium carbonate; lithium citrate,,,Dementia,,2,Avoid. Antipsychotics only when other approaches for behaviour problems have failed.,Harm memory and thinking; antipsychotics also raise the risk of stroke and death in dementia.,moderate / strong
T3-falls,3,2066,condition,Raises the risk of another fall,@table7; clonazepam; clobazam; venlafaxine; desvenlafaxine; duloxetine; milnacipran; levomilnacipran; gabapentin; pregabalin; eszopiclone; zaleplon; zolpidem; codeine,N06AB; N06AA; N03; N05A; N05BA; N05CD; N05CF; N02A,lithium carbonate; lithium citrate,,,History of falls or fractures,,2,"Avoid unless there is no safer option; antiepileptics only for seizures or mood disorders, opioids only for severe short-term pain. If one is needed, cut down the others on this list.","Unsteadiness, slowed reactions and fainting lead to more falls and fractures.",moderate-high / strong
T3-parkinson,3,2067,condition,Worsens Parkinson disease,metoclopramide; prochlorperazine; promethazine,N05A,clozapine; pimavanserin; quetiapine; lithium carbonate; lithium citrate,,,Parkinson's disease,,2,"Avoid. (Clozapine, pimavanserin and quetiapine are less likely to cause problems.)",Block dopamine and can make Parkinson symptoms worse.,moderate / strong
T3-ulcer,3,2067,condition,Worsens stomach ulcers,acetylsalicylic acid; nabumetone; nimesulide,M01AA; M01AB; M01AC; M01AE; M01AG,,,,Peptic ulcer,,2,Avoid unless nothing else works and a stomach-protecting tablet is taken too.,Can worsen ulcers or cause new ones.,moderate / strong
T3-incontinence,3,2067,condition,Worsens urine leakage in women,doxazosin; prazosin; terazosin,G03C,,,,Urinary incontinence,,2,Avoid in women (vaginal estrogen is not included).,Alpha-blockers make leakage worse; estrogen tablets do not help it.,moderate-high / strong
T3-prostate,3,2067,condition,Worsens prostate or bladder emptying problems in men,@table7,,darifenacin; fesoterodine; flavoxate; oxybutynin; solifenacin; tolterodine; trospium,,,Enlarged prostate,,2,Avoid in men (bladder medicines for leakage are a separate decision).,Weaken the urine flow and can stop urine altogether.,moderate / strong
T4-dabigatran,4,2068,caution,Dabigatran,dabigatran etexilate,,,,,,,0,Other blood thinners (such as apixaban) are usually preferred for long-term use.,More stomach and major bleeding than some alternatives.,moderate / strong
T4-prasugrel,4,2068,caution,"Prasugrel, ticagrelor",prasugrel; ticagrelor,,,,,,,0,"Use with care, especially from age 75; for prasugrel a lower dose (5 mg) is advised at 75 and over.",More major bleeding than clopidogrel in older adults.,moderate / strong
T4-sodium,4,2068,caution,Can lower sodium in the blood,mirtazapine; carbamazepine; oxcarbazepine; tramadol; venlafaxine; desvenlafaxine; duloxetine; milnacipran; levomilnacipran,N06AB; N06AA; N05A; C03,lithium carbonate; lithium citrate,,,,,0,Check the blood sodium level when starting or changing the dose.,"Can cause low sodium (SIADH), which brings confusion, falls and fits.",moderate / strong
T4-sglt2,4,2068,caution,SGLT2 diabetes medicines (gliflozins),,A10BK,,,,,,0,"Watch for urine and genital infections, especially in the first month, and for ketoacidosis.",Older adults are more prone to these infections and to ketoacidosis with normal sugar.,moderate / weak
T5-ras,5,2070,pair,Two blood pressure medicines that raise potassium,amiloride; triamterene,C09,,amiloride; triamterene,C09,,,1,"Avoid using two of these together routinely, especially with kidney disease (stage 3a or worse).",Potassium in the blood can rise too high.,moderate / strong
T5-opioid-benzo,5,2070,pair,Opioid with a benzodiazepine,codeine,N02A; N07BC,,clonazepam; clobazam,N05BA; N05CD,,,2,Avoid.,Higher risk of overdose and dangerous side effects.,moderate / strong
T5-opioid-gabapentinoid,5,2070,pair,Opioid with gabapentin or pregabalin,codeine,N02A; N07BC,,gabapentin; pregabalin,,,,2,"Avoid, except while switching from one to the other or using them to lower the opioid dose.","Severe drowsiness, slowed breathing and death.",moderate / strong
T5-lithium-ras,5,2070,pair,Lithium with an ACE inhibitor or ARB,lithium carbonate; lithium citrate,,,,C09A; C09B; C09C; C09D,,,2,"Avoid; if used, check lithium blood levels.",Lithium can build up to toxic levels.,moderate / strong
T5-lithium-loop,5,2070,pair,Lithium with a loop diuretic,lithium carbonate; lithium citrate,,,,C03CA,,,2,"Avoid; if used, check lithium blood levels.",Lithium can build up to toxic levels.,moderate / strong
T5-alpha1-loop,5,2070,pair,Doxazosin/prazosin/terazosin with a loop diuretic,doxazosin; prazosin; terazosin,,,,C03CA,,,1,"Applies to older women, unless both are really needed.",More urine leakage.,moderate / strong
T5-phenytoin-cotrimoxazole,5,2070,pair,Phenytoin with co-trimoxazole,phenytoin,,,trimethoprim; sulfamethoxazole,,,,2,Avoid.,Phenytoin can build up to toxic levels.,moderate / strong
T5-theophylline,5,2071,pair,Theophylline with cimetidine or ciprofloxacin,theophylline,,,cimetidine; ciprofloxacin,,,,2,Avoid.,Theophylline can build up to toxic levels.,moderate / strong
T5-warfarin,5,2071,pair,Warfarin with a medicine that raises bleeding risk,warfarin,,azithromycin,amiodarone; ciprofloxacin; trimethoprim; sulfamethoxazole,J01FA; N06AB,,,2,"Avoid when possible; if both are needed, check the INR closely.",More bleeding.,moderate / strong
T5-anticholinergic,5,2070,count,Two or more anticholinergic medicines,@table7,,,,,,2,2,Avoid; keep the number of anticholinergic medicines as low as possible.,"Together they raise the risk of memory decline, delirium, falls and fractures.",moderate / strong
T5-cns,5,2070,count,Three or more medicines acting on the brain,clonazepam; clobazam; venlafaxine; desvenlafaxine; duloxetine; milnacipran; levomilnacipran; gabapentin; pregabalin; eszopiclone; zaleplon; zolpidem; codeine,N03; N06AA; N06AB; N05A; N05BA; N05CD; N05CF; N02A; N07BC; M03B,lithium carbonate; lithium citrate,,,,3,2,Avoid taking three or more together; keep the number as low as possible.,More falls and fractures.,high / strong
T7,7,2074,list,Strongly anticholinergic medicines,amitriptyline; amoxapine; clomipramine; desipramine; doxepin; imipramine; nortriptyline; paroxetine; prochlorperazine; promethazine; brompheniramine; chlorphenamine; cyproheptadine; dimenhydrinate; diphenhydramine; doxylamine; hydroxyzine; meclozine; triprolidine; darifenacin; fesoterodine; flavoxate; oxybutynin; solifenacin; tolterodine; trospium; benzatropine; trihexyphenidyl; chlorpromazine; clozapine; olanzapine; perphenazine; atropine; clidinium; dicycloverine; homatropine; hyoscyamine; scopolamine; cyclobenzaprine; orphenadrine,,,,,,,0,,,
