struct_id	atc_code	id
4243	A01AA01	1
4252	A01AA02	2
4311	A01AA03	3
4273	A01AA04	4
3281	A01AB02	5
597	A01AB03	6
197	A01AB04	7
4693	A01AB05	8
4463	A01AB06	9
3290	A01AB07	10
4247	A01AB08	11
1800	A01AB09	12
1885	A01AB10	13
3277	A01AB12	14
2611	A01AB13	15
3019	A01AB14	16
2654	A01AB15	17
4776	A01AB16	18
1790	A01AB17	19
719	A01AB18	20
4777	A01AB19	21
624	A01AB21	22
961	A01AB22	23
1813	A01AB23	24
3394	A01AB24	25
2041	A01AB25	26
2725	A01AC01	27
824	A01AC02	28
1388	A01AC03	29
2245	A01AC04	30
1028	A01AD01	31
3881	A01AD02	32
74	A01AD05	33
96	A01AD06	34
182	A01AD07	35
4925	A01AD08	36
4288	A02AA01	37
4293	A02AA02	38
4595	A02AA03	39
4244	A02AA04	40
4513	A02AA05	41
4250	A02AB01	42
4250	A02AB02	43
4439	A02AB03	44
4522	A02AB04	45
4761	A02AB05	46
4759	A02AB06	47
4763	A02AB07	48
4239	A02AC01	49
4837	A02AC02	50
4926	A02AD02	51
4435	A02AD03	52
4341	A02AD05	53
645	A02BA01	54
2358	A02BA02	55
1129	A02BA03	56
1955	A02BA04	57
4002	A02BA05	58
1537	A02BA08	59
1817	A02BB01	60
1016	A02BB02	61
1990	A02BC01	62
2054	A02BC02	63
1547	A02BC03	64
2350	A02BC04	65
1055	A02BC05	66
4162	A02BC06	67
4867	A02BC07	68
4993	A02BC08	69
3961	A02BC11	70
493	A02BX01	71
4106	A02BX02	72
2200	A02BX03	73
3354	A02BX04	74
4355	A02BX05	75
2281	A02BX06	76
1281	A02BX07	77
4725	A02BX08	78
62	A02BX09	79
3661	A02BX10	80
2779	A02BX11	81
4841	A02BX12	82
4321	A02BX13	83
2360	A02BX14	84
2596	A02BX15	85
1484	A02BX16	86
2026	A03AA01	87
472	A03AA03	88
1642	A03AA04	89
2748	A03AA05	90
2395	A03AA06	91
868	A03AA07	92
883	A03AA08	93
877	A03AA09	94
2190	A03AA30	95
320	A03AB01	96
4302	A03AB02	97
2039	A03AB03	98
2093	A03AB04	99
2293	A03AB05	100
2003	A03AB06	101
1736	A03AB07	102
2737	A03AB08	103
1500	A03AB09	104
1371	A03AB10	105
2226	A03AB11	106
1689	A03AB12	107
3024	A03AB13	108
2185	A03AB14	109
915	A03AB15	110
4327	A03AB16	111
2660	A03AB17	112
2264	A03AB18	113
2667	A03AB19	114
1160	A03AB21	115
4769	A03AC02	116
4675	A03AC04	117
2681	A03AC05	118
2056	A03AD01	119
969	A03AD02	120
1853	A03AD30	121
129	A03AE01	122
1159	A03AX01	123
892	A03AX02	124
3090	A03AX03	125
2174	A03AX04	126
1156	A03AX05	127
4574	A03AX06	128
2321	A03AX07	129
142	A03AX08	130
2719	A03AX09	131
1496	A03AX10	132
514	A03AX11	133
2153	A03AX12	134
2800	A03AX14	135
4737	A03AX30	136
260	A03BA01	137
1402	A03BA03	138
458	A03BB01	139
4660	A03BB02	140
1757	A03BB03	141
1167	A03BB04	142
646	A03BB05	143
1380	A03BB06	144
1782	A03FA01	145
660	A03FA02	146
945	A03FA03	147
406	A03FA04	148
120	A03FA05	149
670	A03FA06	150
1512	A03FA07	151
652	A03FA08	152
1848	A03FA09	153
4908	A03FA10	154
1992	A04AA01	155
1329	A04AA02	156
2775	A04AA03	157
3931	A04AA04	158
2046	A04AA05	159
2424	A04AD01	160
4403	A04AD02	161
3092	A04AD04	162
1784	A04AD05	163
4109	A04AD10	164
1862	A04AD11	165
230	A04AD12	166
4401	A04AD13	167
5027	A04AD14	168
4361	A05AA01	169
2797	A05AA02	170
3096	A05AA03	171
5155	A05AA04	172
5679	A05AA05	173
4862	A05AB01	174
2196	A05AX01	175
1401	A05AX02	176
752	A05AX03	177
5473	A05AX04	178
5468	A05AX05	179
5824	A05AX06	180
5830	A05AX07	181
4358	A05BA01	182
2443	A05BA03	183
665	A05BA04	184
1033	A05BA05	185
4680	A05BA06	186
4735	A05BA07	187
1325	A05BA08	188
5811	A05BA11	189
941	A06AA02	190
2038	A06AB01	191
375	A06AB02	192
3125	A06AB03	193
2135	A06AB04	194
5661	A06AB05	195
4779	A06AB08	196
4356	A06AB09	197
4288	A06AD01	198
4293	A06AD02	199
4595	A06AD03	200
4290	A06AD04	201
1536	A06AD11	202
1534	A06AD12	203
4212	A06AD13	204
2085	A06AD14	205
4253	A06AD15	206
935	A06AD16	207
4219	A06AD17	208
2462	A06AD18	209
4281	A06AD19	210
4780	A06AD21	211
4219	A06AG01	212
375	A06AG02	213
1316	A06AG04	214
2462	A06AG07	215
4616	A06AH01	216
143	A06AH02	217
4832	A06AH03	218
1878	A06AH04	219
5220	A06AH05	220
1316	A06AX01	221
4123	A06AX03	222
4622	A06AX04	223
3502	A06AX05	224
2579	A06AX06	225
5208	A06AX07	226
5349	A06AX08	227
5277	A06AX09	228
4247	A07AA01	229
1977	A07AA02	230
1885	A07AA03	231
2481	A07AA04	232
4246	A07AA05	233
2067	A07AA06	234
197	A07AA07	235
1519	A07AA08	236
2807	A07AA09	237
4425	A07AA10	238
2379	A07AA11	239
4180	A07AA12	240
4817	A07AA13	241
2158	A07AB02	242
2505	A07AB03	243
2490	A07AB04	244
1800	A07AC01	245
412	A07AX01	246
55	A07AX02	247
1928	A07AX03	248
1931	A07AX04	249
4278	A07BC03	250
5581	A07BC04	251
918	A07DA01	252
1599	A07DA03	253
878	A07DA04	254
1600	A07DA05	255
5001	A07DA06	256
2245	A07EA01	257
1388	A07EA02	258
2253	A07EA03	259
348	A07EA04	260
4064	A07EA05	261
419	A07EA06	262
741	A07EB01	263
2525	A07EC01	264
1710	A07EC02	265
1988	A07EC03	266
284	A07EC04	267
60	A07XA04	268
4744	A07XA06	269
2140	A08AA01	270
1150	A08AA02	271
874	A08AA03	272
832	A08AA04	273
1640	A08AA05	274
1100	A08AA06	275
3389	A08AA07	276
684	A08AA08	277
1664	A08AA09	278
2440	A08AA10	279
4374	A08AA11	280
5416	A08AA12	281
1996	A08AB01	282
4150	A08AX01	283
1310	A09AB01	284
347	A09AB02	285
4568	A09AB03	286
666	A09AB04	287
5003	A10AB01	288
5192	A10AB02	289
5191	A10AB03	290
5002	A10AB04	291
4981	A10AB05	292
5057	A10AB06	293
5003	A10AC01	294
5192	A10AC02	295
5191	A10AC03	296
5002	A10AC04	297
5003	A10AD01	298
5192	A10AD02	299
5191	A10AD03	300
5002	A10AD04	301
4981	A10AD05	302
5003	A10AE01	303
5192	A10AE02	304
5191	A10AE03	305
4901	A10AE04	306
4985	A10AE05	307
4960	A10AE06	308
5822	A10AE07	309
5003	A10AF01	310
2126	A10BA01	311
1725	A10BA02	312
423	A10BA03	313
1314	A10BB01	314
622	A10BB02	315
2696	A10BB03	316
1298	A10BB04	317
2694	A10BB05	318
505	A10BB06	319
1301	A10BB07	320
1302	A10BB08	321
1299	A10BB09	322
1717	A10BB10	323
1305	A10BB11	324
1300	A10BB12	325
57	A10BB31	326
1321	A10BC01	327
39	A10BF01	328
1806	A10BF02	329
2845	A10BF03	330
2767	A10BG01	331
2405	A10BG02	332
2179	A10BG03	333
5078	A10BG04	334
2448	A10BH01	335
3642	A10BH02	336
4114	A10BH03	337
4340	A10BH04	338
4175	A10BH05	339
4833	A10BH06	340
5239	A10BH07	341
4895	A10BH08	342
1123	A10BJ01	343
4164	A10BJ02	344
4815	A10BJ03	345
4927	A10BJ04	346
4885	A10BJ05	347
5267	A10BJ06	348
4304	A10BK01	349
4758	A10BK02	350
4830	A10BK03	351
5270	A10BK04	352
4890	A10BK05	353
5339	A10BK06	354
4891	A10BK07	355
5708	A10BK08	356
2366	A10BX02	357
1886	A10BX03	358
2236	A10BX05	359
307	A10BX06	360
1818	A10BX08	361
5483	A10BX15	362
5516	A10BX16	363
2704	A10XA01	364
5692	A10XX01	365
2831	A11CA01	366
345	A11CA02	367
2838	A11CC01	368
2841	A11CC02	369
130	A11CC03	370
466	A11CC04	371
2840	A11CC05	372
464	A11CC06	373
2832	A11DA01	374
2494	A11DA02	375
308	A11DA03	376
4072	A11GA01	377
1906	A11HA01	378
2836	A11HA02	379
3613	A11HA03	380
2834	A11HA04	381
373	A11HA05	382
3506	A11HA06	383
1444	A11HA07	384
4280	A11HA08	385
838	A11HA30	386
2055	A11HA31	387
3417	A11HA32	388
4441	A12AA01	389
4842	A12AA02	390
4348	A12AA03	391
4239	A12AA04	392
4383	A12AA05	393
4843	A12AA06	394
4201	A12AA07	395
4434	A12AA08	396
4433	A12AA10	397
4385	A12AA11	398
4479	A12AA13	399
4844	A12AA30	400
4199	A12BA01	401
4519	A12BA02	402
4694	A12BA03	403
4520	A12BA04	404
4524	A12BA05	405
4198	A12CA01	406
4212	A12CA02	407
4275	A12CB01	408
4343	A12CB02	409
4200	A12CC01	410
4290	A12CC02	411
4515	A12CC03	412
4281	A12CC04	413
4517	A12CC05	414
4592	A12CC06	415
4593	A12CC07	416
4597	A12CC08	417
4594	A12CC09	418
4293	A12CC10	419
4243	A12CD01	420
4252	A12CD02	421
4781	A12CE01	422
4782	A12CE02	423
3927	A14AA01	424
2477	A14AA02	425
1734	A14AA03	426
1743	A14AA04	427
2033	A14AA05	428
3823	A14AA06	429
795	A14AA07	430
2011	A14AA08	431
1961	A14AA09	432
1879	A14AB01	433
1094	A14AB02	434
4681	A14AB03	435
513	A16AA01	436
2414	A16AA02	437
1311	A16AA03	438
768	A16AA04	439
3068	A16AA05	440
347	A16AA06	441
4826	A16AA07	442
5129	A16AB01	443
4932	A16AB02	444
5021	A16AB03	445
5018	A16AB04	446
4997	A16AB05	447
5043	A16AB06	448
5030	A16AB07	449
5101	A16AB08	450
4918	A16AB09	451
4989	A16AB10	452
5199	A16AB11	453
4999	A16AB12	454
5049	A16AB13	455
5028	A16AB14	456
5718	A16AB15	457
5492	A16AB16	458
5230	A16AB17	459
5264	A16AB18	460
5340	A16AB19	461
5720	A16AB20	462
5475	A16AB22	463
5721	A16AB23	464
5703	A16AB25	465
5707	A16AB26	466
5488	A16AB27	467
4732	A16AX01	468
218	A16AX02	469
24	A16AX03	470
1944	A16AX04	471
4269	A16AX05	472
1807	A16AX06	473
2612	A16AX07	474
4718	A16AX08	475
4745	A16AX09	476
4834	A16AX10	477
4373	A16AX11	478
2738	A16AX12	479
5029	A16AX13	480
5110	A16AX14	481
5354	A16AX16	482
5399	A16AX17	483
5415	A16AX18	484
5444	A16AX19	485
5414	A16AX20	486
5746	A16AX25	487
5801	A16AX28	488
867	B01AA01	489
2130	B01AA02	490
2847	B01AA03	491
2138	B01AA04	492
48	B01AA07	493
1091	B01AA08	494
3111	B01AA09	495
4450	B01AA10	496
2674	B01AA11	497
1194	B01AA12	498
1358	B01AB01	499
4879	B01AB05	500
5162	B01AB06	501
4840	B01AB10	502
4726	B01AB11	503
4840	B01AB12	504
929	B01AC01	505
713	B01AC02	506
2161	B01AC03	507
708	B01AC04	508
2657	B01AC05	509
74	B01AC06	510
924	B01AC07	511
4387	B01AC08	512
1034	B01AC09	513
1439	B01AC10	514
1422	B01AC11	515
4950	B01AC13	516
4760	B01AC15	517
1040	B01AC16	518
2680	B01AC17	519
2744	B01AC18	520
343	B01AC19	521
2720	B01AC21	522
4113	B01AC22	523
644	B01AC23	524
4184	B01AC24	525
5006	B01AC25	526
4870	B01AC26	527
5077	B01AC27	528
1581	B01AC28	529
5141	B01AD02	530
5109	B01AD04	531
5044	B01AD07	532
5066	B01AD11	533
2990	B01AE01	534
2995	B01AE02	535
239	B01AE03	536
2852	B01AE05	537
385	B01AE06	538
776	B01AE07	539
4182	B01AF01	540
4298	B01AF02	541
4897	B01AF03	542
5241	B01AF04	543
5092	B01AX01	544
2973	B01AX04	545
1236	B01AX05	546
5308	B01AX07	547
163	B02AA01	548
2713	B02AA02	549
22	B02AA03	550
4839	B02AB01	551
471	B02AB04	552
2843	B02BA01	553
1683	B02BA02	554
4729	B02BC03	555
96	B02BC05	556
4431	B02BC08	557
1028	B02BC09	558
5019	B02BD02	559
5173	B02BD10	560
5134	B02BD11	561
5069	B02BD14	562
5705	B02BD15	563
1075	B02BX01	564
491	B02BX02	565
4996	B02BX04	566
4399	B02BX05	567
5268	B02BX06	568
5059	B02BX07	569
5285	B02BX08	570
5280	B02BX09	571
5760	B02BX10	572
5839	B02BX11	573
5766	B02BX12	574
4261	B03AA02	575
4491	B03AA03	576
4542	B03AA04	577
4543	B03AA05	578
4544	B03AA06	579
4528	B03AA07	580
4545	B03AA08	581
4541	B03AA09	582
4540	B03AA10	583
5121	B03AB02	584
4709	B03AB03	585
4539	B03AB04	586
4391	B03AB07	587
5076	B03AB10	588
4196	B03BA01	589
4309	B03BA03	590
4404	B03BA04	591
4600	B03BA05	592
1231	B03BB01	593
4995	B03XA01	594
5157	B03XA02	595
5165	B03XA03	596
4234	B03XA04	597
5371	B03XA05	598
5364	B03XA06	599
5421	B03XA07	600
5420	B03XA08	601
5486	B03XA09	602
2771	B05BB03	603
935	B05BC01	604
4264	B05BC02	605
3083	B05CA01	606
597	B05CA02	607
1950	B05CA03	608
2512	B05CA04	609
2568	B05CA05	610
1629	B05CA06	611
3391	B05CA07	612
3194	B05CA08	613
4247	B05CA09	614
4198	B05CB01	615
4477	B05CB02	616
4281	B05CB03	617
4205	B05CB04	618
845	B05CX01	619
2462	B05CX02	620
1319	B05CX03	621
935	B05CX04	622
4199	B05XA01	623
4205	B05XA02	624
4198	B05XA03	625
4350	B05XA04	626
4290	B05XA05	627
4201	B05XA07	628
4203	B05XA08	629
4219	B05XA09	630
4596	B05XA10	631
4200	B05XA11	632
4344	B05XA12	633
4568	B05XA13	634
1318	B05XA14	635
4695	B05XA15	636
4217	B05XA17	637
4275	B05XA18	638
4348	B05XA19	639
4782	B05XA20	640
1549	B05XB01	641
4319	B05XB02	642
1622	B05XB03	643
2771	B05XX02	644
5033	B06AA03	645
5040	B06AA04	646
5639	B06AA07	647
5135	B06AA10	648
5117	B06AB01	649
4186	B06AC02	650
4846	B06AC03	651
5152	B06AC04	652
5309	B06AC05	653
5430	B06AC06	654
5776	B06AC07	655
5779	B06AC08	656
5796	B06AC09	657
5365	B06AX01	658
5356	B06AX03	659
5506	B06AX04	660
67	C01AA01	661
68	C01AA02	662
881	C01AA04	663
882	C01AA05	664
1543	C01AA06	665
813	C01AA07	666
1761	C01AA08	667
1296	C01AA09	668
2313	C01AB01	669
2004	C01AC01	670
4408	C01AC03	671
3809	C01AX02	672
2346	C01BA01	673
2270	C01BA02	674
926	C01BA03	675
2467	C01BA04	676
100	C01BA05	677
2230	C01BA08	678
1604	C01BA12	679
889	C01BA13	680
1579	C01BB01	681
1794	C01BB02	682
2686	C01BB03	683
231	C01BB04	684
2291	C01BC03	685
1176	C01BC04	686
1607	C01BC07	687
1007	C01BC08	688
4835	C01BC09	689
176	C01BD01	690
394	C01BD02	691
428	C01BD03	692
942	C01BD04	693
1412	C01BD05	694
4655	C01BD06	695
4112	C01BD07	696
1842	C01BG01	697
630	C01BG07	698
4365	C01BG11	699
1101	C01CA01	700
1499	C01CA02	701
1960	C01CA03	702
947	C01CA04	703
1966	C01CA05	704
2146	C01CA06	705
937	C01CA07	706
3577	C01CA08	707
1721	C01CA09	708
1753	C01CA10	709
1694	C01CA11	710
909	C01CA12	711
2258	C01CA13	712
948	C01CA14	713
1290	C01CA15	714
1405	C01CA16	715
1803	C01CA17	716
3396	C01CA18	717
1153	C01CA19	718
462	C01CA21	719
237	C01CA22	720
2619	C01CA23	721
1028	C01CA24	722
153	C01CA25	723
1024	C01CA26	724
971	C01CA27	725
201	C01CE01	726
1809	C01CE02	727
1014	C01CE03	728
415	C01CE04	729
4338	C01CX06	730
2848	C01CX07	731
1576	C01CX08	732
5272	C01CX09	733
1952	C01DA02	734
2087	C01DA05	735
2295	C01DA07	736
1505	C01DA08	737
2770	C01DA09	738
1047	C01DA13	739
1506	C01DA14	740
2591	C01DA38	741
1182	C01DB01	742
4583	C01DX01	743
2261	C01DX02	744
2030	C01DX03	745
321	C01DX04	746
3098	C01DX05	747
1370	C01DX06	748
1069	C01DX07	749
1361	C01DX08	750
1430	C01DX09	751
893	C01DX10	752
3621	C01DX11	753
1831	C01DX12	754
991	C01DX13	755
650	C01DX14	756
3106	C01DX15	757
1919	C01DX16	758
4589	C01DX18	759
1901	C01DX19	760
5439	C01DX22	761
138	C01EA01	762
470	C01EB02	763
1440	C01EB03	764
739	C01EB05	765
3464	C01EB06	766
4607	C01EB09	767
90	C01EB10	768
2679	C01EB11	769
37	C01EB13	770
2750	C01EB15	771
1407	C01EB16	772
3312	C01EB17	773
2359	C01EB18	774
2362	C01EB21	775
3995	C01EB22	776
5511	C01EB24	777
5842	C01EB25	778
2369	C02AA01	779
2370	C02AA02	780
810	C02AA05	781
1750	C02AA06	782
3687	C02AA07	783
1762	C02AB01	784
704	C02AC01	785
1343	C02AC02	786
2700	C02AC04	787
1856	C02AC05	788
2381	C02AC06	789
2752	C02BA01	790
1646	C02BB01	791
4209	C02CA01	792
1443	C02CA02	793
2747	C02CA03	794
954	C02CA04	795
2796	C02CA06	796
359	C02CC01	797
1342	C02CC02	798
1346	C02CC03	799
788	C02CC04	800
4564	C02CC05	801
3455	C02CC06	802
1345	C02CC07	803
854	C02DA01	804
884	C02DB01	805
1384	C02DB02	806
1008	C02DB03	807
461	C02DB04	808
1814	C02DC01	809
4631	C02DD01	810
2173	C02DG01	811
1792	C02KB01	812
2065	C02KC01	813
1524	C02KD01	814
5812	C02KN01	815
392	C02KX01	816
4337	C02KX02	817
3548	C02KX03	818
4809	C02KX04	819
4807	C02KX05	820
5815	C02KX06	821
305	C03AA01	822
1392	C03AA02	823
1385	C03AA03	824
609	C03AA04	825
2228	C03AA05	826
2733	C03AA06	827
756	C03AA07	828
1759	C03AA08	829
761	C03AA09	830
1645	C03AA13	831
2343	C03BA02	832
706	C03BA03	833
625	C03BA04	834
1666	C03BA05	835
693	C03BA07	836
1783	C03BA08	837
1777	C03BA09	838
2853	C03BA10	839
1433	C03BA11	840
712	C03BA12	841
1162	C03BA13	842
4657	C03BC01	843
2618	C03BD01	844
634	C03BX03	845
1258	C03CA01	846
427	C03CA02	847
2201	C03CA03	848
2708	C03CA04	849
1071	C03CC01	850
2658	C03CC02	851
1858	C03CD01	852
1114	C03CX01	853
2475	C03DA01	854
477	C03DA02	855
478	C03DA03	856
1032	C03DA04	857
5465	C03DA05	858
158	C03DB01	859
2728	C03DB02	860
4110	C03XA01	861
732	C03XA02	862
1510	C04AA01	863
1976	C04AA02	864
286	C04AA31	865
2142	C04AB01	866
2695	C04AB02	867
2835	C04AC01	868
1445	C04AC03	869
3908	C04AC07	870
2094	C04AD01	871
4368	C04AD02	872
2099	C04AD03	873
3212	C04AD04	874
5035	C04AE01	875
1910	C04AE02	876
887	C04AE04	877
747	C04AX01	878
2136	C04AX02	879
3643	C04AX07	880
1855	C04AX10	881
301	C04AX11	882
2824	C04AX17	883
2536	C04AX19	884
422	C04AX20	885
1870	C04AX21	886
440	C04AX23	887
3649	C04AX24	888
580	C04AX26	889
651	C04AX27	890
1419	C04AX28	891
265	C04AX30	892
1132	C04AX32	893
5518	C04AX33	894
1388	C05AA01	895
2245	C05AA04	896
348	C05AA05	897
1208	C05AA06	898
1206	C05AA08	899
824	C05AA09	900
1204	C05AA10	901
1205	C05AA11	902
2725	C05AA12	903
1579	C05AD01	904
2610	C05AD02	905
323	C05AD03	906
859	C05AD04	907
2271	C05AD05	908
3407	C05AD06	909
3487	C05AD07	910
1952	C05AE01	911
1505	C05AE02	912
897	C05AE03	913
2730	C05AX05	914
2146	C05AX06	915
4705	C05BA02	916
1358	C05BA03	917
2097	C05BA04	918
4086	C05BB01	919
4614	C05BB02	920
3550	C05BB04	921
4266	C05BB05	922
936	C05BX01	923
3535	C05CA01	924
1835	C05CA02	925
3157	C05CA03	926
2778	C05CA04	927
3956	C05CA05	928
2730	C05CX01	929
1871	C05CX02	930
137	C07AA01	931
2027	C07AA02	932
2176	C07AA03	933
2303	C07AA05	934
4061	C07AA06	935
2464	C07AA07	936
1865	C07AA12	937
1697	C07AA14	938
520	C07AA15	939
2605	C07AA16	940
389	C07AA17	941
433	C07AA19	942
2078	C07AA23	943
710	C07AA27	944
3486	C07AB01	945
1786	C07AB02	946
255	C07AB03	947
40	C07AB04	948
356	C07AB05	949
360	C07AB06	950
380	C07AB07	951
569	C07AB08	952
1054	C07AB09	953
4467	C07AB10	954
4702	C07AB11	955
1887	C07AB12	956
2557	C07AB13	957
1545	C07AB14	958
1531	C07AG01	959
522	C07AG02	960
183	C08CA01	961
1142	C08CA02	962
1511	C08CA03	963
1909	C08CA04	964
1922	C08CA05	965
1937	C08CA06	966
1942	C08CA07	967
1947	C08CA08	968
1532	C08CA09	969
1934	C08CA10	970
1631	C08CA11	971
290	C08CA12	972
4157	C08CA13	973
642	C08CA14	974
3880	C08CA15	975
674	C08CA16	976
4099	C08CA17	977
1797	C08CX01	978
2815	C08DA01	979
1275	C08DA02	980
5792	C08DA03	981
897	C08DB01	982
1148	C08EA01	983
342	C08EA02	984
1580	C08EX01	985
2106	C08EX02	986
484	C09AA01	987
1005	C09AA02	988
1587	C09AA03	989
2108	C09AA04	990
2356	C09AA05	991
2340	C09AA06	992
299	C09AA07	993
641	C09AA08	994
1245	C09AA09	995
2712	C09AA10	996
2474	C09AA11	997
798	C09AA12	998
1827	C09AA13	999
2586	C09AA14	1000
2866	C09AA15	1001
1424	C09AA16	1002
1610	C09CA01	1003
1037	C09CA02	1004
2806	C09CA03	1005
1481	C09CA04	1006
3839	C09CA05	1007
2583	C09CA07	1008
1985	C09CA08	1009
4322	C09CA09	1010
4906	C09CA10	1011
4696	C09XA01	1012
119	C09XA02	1013
5711	C09XX01	1014
2445	C10AA01	1015
1612	C10AA02	1016
2239	C10AA03	1017
1229	C10AA04	1018
257	C10AA05	1019
577	C10AA06	1020
2406	C10AA07	1021
2214	C10AA08	1022
694	C10AB01	1023
362	C10AB02	1024
4437	C10AB03	1025
1285	C10AB04	1026
1152	C10AB05	1027
2444	C10AB06	1028
2401	C10AB07	1029
658	C10AB08	1030
1106	C10AB09	1031
696	C10AB10	1032
4505	C10AB11	1033
5248	C10AB12	1034
727	C10AC01	1035
728	C10AC02	1036
4852	C10AC03	1037
4405	C10AC04	1038
1911	C10AD01	1039
2835	C10AD02	1040
1916	C10AD03	1041
4764	C10AD04	1042
76	C10AD06	1043
846	C10AX01	1044
2269	C10AX02	1045
2647	C10AX03	1046
1670	C10AX05	1047
5074	C10AX08	1048
1125	C10AX09	1049
5172	C10AX10	1050
4747	C10AX11	1051
4721	C10AX12	1052
5000	C10AX13	1053
5016	C10AX14	1054
5382	C10AX15	1055
5498	C10AX16	1056
5449	C10AX17	1057
5335	C10AX18	1058
5794	C10AX19	1059
1977	D01AA01	1060
1885	D01AA02	1061
4783	D01AA03	1062
3419	D01AA04	1063
4776	D01AA06	1064
3513	D01AA07	1065
1331	D01AA08	1066
719	D01AC01	1067
1800	D01AC02	1068
983	D01AC03	1069
3091	D01AC04	1070
3309	D01AC05	1071
2621	D01AC06	1072
2675	D01AC07	1073
1527	D01AC08	1074
2495	D01AC09	1075
370	D01AC10	1076
3408	D01AC11	1077
1166	D01AC12	1078
1991	D01AC13	1079
2434	D01AC14	1080
1187	D01AC15	1081
1227	D01AC16	1082
978	D01AC17	1083
4813	D01AC18	1084
4874	D01AC19	1085
1902	D01AC21	1086
3979	D01AC22	1087
3040	D01AE01	1088
4670	D01AE02	1089
3625	D01AE03	1090
3446	D01AE04	1091
4693	D01AE05	1092
4328	D01AE06	1093
4734	D01AE08	1094
3557	D01AE09	1095
4773	D01AE10	1096
1355	D01AE11	1097
2416	D01AE12	1098
4274	D01AE13	1099
636	D01AE14	1100
2597	D01AE15	1101
188	D01AE16	1102
3725	D01AE17	1103
3617	D01AE18	1104
3614	D01AE19	1105
1188	D01AE21	1106
1872	D01AE22	1107
444	D01AE23	1108
4877	D01AE24	1109
1586	D01AE25	1110
1331	D01BA01	1111
2597	D01BA02	1112
4264	D02AE01	1113
2049	D02BA01	1114
4236	D02BA02	1115
345	D02BB01	1116
4836	D02BB02	1117
838	D03AX03	1118
2055	D03AX04	1119
3957	D03AX05	1120
4925	D03AX06	1121
4854	D03AX09	1122
3178	D03AX10	1123
4784	D03AX11	1124
2768	D03AX12	1125
5219	D03AX15	1126
5855	D03AX16	1127
5639	D03BA01	1128
5051	D03BA02	1129
2642	D04AA01	1130
2331	D04AA02	1131
2617	D04AA03	1132
2762	D04AA04	1133
606	D04AA09	1134
2286	D04AA10	1135
3618	D04AA12	1136
903	D04AA13	1137
671	D04AA14	1138
288	D04AA15	1139
2132	D04AA16	1140
1507	D04AA22	1141
916	D04AA32	1142
617	D04AA34	1143
1579	D04AB01	1144
859	D04AB02	1145
3016	D04AB03	1146
323	D04AB04	1147
3153	D04AB05	1148
2610	D04AB06	1149
3487	D04AB07	1150
956	D04AX01	1151
226	D05AC01	1152
2759	D05AD01	1153
30	D05AD02	1154
3229	D05AX01	1155
465	D05AX02	1156
466	D05AX03	1157
4727	D05AX04	1158
2571	D05AX05	1159
3531	D05AX06	1160
5521	D05AX07	1161
2759	D05BA01	1162
30	D05BA02	1163
3021	D05BA03	1164
1116	D05BB01	1165
78	D05BB02	1166
802	D06AA01	1167
624	D06AA02	1168
2041	D06AA03	1169
2611	D06AA04	1170
1261	D06AX01	1171
589	D06AX02	1172
4247	D06AX04	1173
281	D06AX05	1174
4265	D06AX07	1175
4739	D06AX08	1176
1857	D06AX09	1177
4028	D06AX10	1178
2379	D06AX11	1179
157	D06AX12	1180
2371	D06AX13	1181
5058	D06AX14	1182
4817	D06AX15	1183
4142	D06BA01	1184
2527	D06BA02	1185
1624	D06BA03	1186
2512	D06BA04	1187
2521	D06BA05	1188
2510	D06BA06	1189
1417	D06BB01	1190
3634	D06BB02	1191
85	D06BB03	1192
3481	D06BB04	1193
3301	D06BB05	1194
2079	D06BB06	1195
4572	D06BB08	1196
3173	D06BB09	1197
1429	D06BB10	1198
940	D06BB11	1199
4785	D06BB12	1200
5860	D06BB13	1201
1790	D06BX01	1202
4226	D06BX02	1203
5431	D06BX03	1204
1768	D07AA01	1205
1388	D07AA02	1206
2245	D07AA03	1207
3959	D07AB02	1208
4548	D07AB03	1209
3237	D07AB05	1210
1208	D07AB06	1211
4553	D07AB07	1212
3135	D07AB08	1213
2725	D07AB09	1214
4569	D07AB11	1215
824	D07AB19	1216
348	D07AC01	1217
4546	D07AC02	1218
819	D07AC03	1219
1204	D07AC04	1220
1206	D07AC05	1221
3141	D07AC06	1222
1217	D07AC07	1223
1205	D07AC08	1224
419	D07AC09	1225
150	D07AC11	1226
1352	D07AC12	1227
1769	D07AC14	1228
1389	D07AC16	1229
2243	D07AC18	1230
3142	D07AC19	1231
4507	D07AD02	1232
1388	D07XA01	1233
2245	D07XA02	1234
4548	D07XB01	1235
2725	D07XB02	1236
4553	D07XB03	1237
1208	D07XB04	1238
824	D07XB05	1239
348	D07XC01	1240
819	D07XC02	1241
3141	D07XC04	1242
1206	D07XC05	1243
3194	D08AA01	1244
160	D08AA02	1245
4317	D08AA03	1246
3137	D08AC01	1247
597	D08AC02	1248
3493	D08AC03	1249
3275	D08AC04	1250
4692	D08AC05	1251
1364	D08AE01	1252
4691	D08AE02	1253
4266	D08AE03	1254
3631	D08AE04	1255
3094	D08AE05	1256
4768	D08AE06	1257
1950	D08AF01	1258
4249	D08AG02	1259
4446	D08AG03	1260
4421	D08AG04	1261
4376	D08AH01	1262
3095	D08AH02	1263
3290	D08AH03	1264
681	D08AH30	1265
3017	D08AJ01	1266
3082	D08AJ02	1267
3083	D08AJ03	1268
4360	D08AJ04	1269
3019	D08AJ05	1270
4416	D08AJ06	1271
3018	D08AJ08	1272
4919	D08AJ10	1273
4786	D08AK01	1274
4687	D08AK02	1275
4787	D08AK03	1276
4788	D08AK04	1277
4733	D08AK06	1278
4789	D08AK30	1279
4502	D08AL01	1280
3281	D08AX01	1281
4466	D08AX02	1282
4332	D08AX03	1283
3088	D08AX04	1284
4215	D08AX05	1285
4699	D08AX06	1286
4790	D08AX07	1287
1076	D08AX08	1288
1896	D09AA01	1289
1261	D09AA02	1290
1950	D09AA03	1291
4688	D09AA04	1292
3017	D09AA05	1293
3631	D09AA06	1294
3083	D09AA07	1295
4495	D09AA08	1296
4249	D09AA09	1297
681	D09AA10	1298
3017	D09AA11	1299
597	D09AA12	1300
4579	D09AA13	1301
1208	D10AA01	1302
1768	D10AA02	1303
824	D10AA03	1304
3032	D10AB01	1305
4260	D10AB02	1306
3607	D10AB03	1307
3343	D10AB05	1308
2722	D10AD01	1309
2831	D10AD02	1310
87	D10AD03	1311
1508	D10AD04	1312
1849	D10AD05	1313
5350	D10AD06	1314
328	D10AE01	1315
678	D10AF01	1316
1048	D10AF02	1317
589	D10AF03	1318
3333	D10AF04	1319
1864	D10AF05	1320
2497	D10AF06	1321
1813	D10AF07	1322
4436	D10AX01	1323
3524	D10AX02	1324
270	D10AX03	1325
4438	D10AX04	1326
782	D10AX05	1327
5410	D10AX06	1328
1508	D10BA01	1329
4302	D11AA01	1330
5428	D11AA02	1331
4360	D11AC01	1332
4249	D11AC06	1333
3027	D11AC09	1334
1734	D11AE01	1335
2552	D11AH01	1336
2168	D11AH02	1337
741	D11AH03	1338
3862	D11AH04	1339
5224	D11AH05	1340
5201	D11AH06	1341
5479	D11AH07	1342
5504	D11AH08	1343
4190	D11AH09	1344
5759	D11AH10	1345
5426	D11AH11	1346
5689	D11AH12	1347
1814	D11AX01	1348
1276	D11AX02	1349
4348	D11AX03	1350
4590	D11AX04	1351
4290	D11AX05	1352
4221	D11AX06	1353
3611	D11AX08	1354
2005	D11AX09	1355
1171	D11AX10	1356
3282	D11AX11	1357
4248	D11AX12	1358
1834	D11AX13	1359
990	D11AX16	1360
865	D11AX18	1361
395	D11AX21	1362
3972	D11AX22	1363
2049	D11AX23	1364
4988	D11AX24	1365
3281	D11AX25	1366
463	D11AX26	1367
2032	D11AX27	1368
1977	G01AA01	1369
1885	G01AA02	1370
197	G01AA03	1371
4424	G01AA04	1372
589	G01AA05	1373
4783	G01AA06	1374
2041	G01AA07	1375
507	G01AA08	1376
4776	G01AA09	1377
678	G01AA10	1378
3254	G01AA11	1379
55	G01AB01	1380
1457	G01AC01	1381
681	G01AC02	1382
3095	G01AC03	1383
4376	G01AC05	1384
412	G01AC06	1385
3290	G01AC30	1386
1533	G01AD01	1387
4211	G01AD02	1388
4072	G01AD03	1389
4724	G01AE01	1390
1790	G01AF01	1391
719	G01AF02	1392
1800	G01AF04	1393
983	G01AF05	1394
1997	G01AF06	1395
3309	G01AF07	1396
2675	G01AF08	1397
1527	G01AF11	1398
1166	G01AF12	1399
264	G01AF13	1400
4025	G01AF14	1401
450	G01AF15	1402
1991	G01AF16	1403
3408	G01AF17	1404
1227	G01AF18	1405
2434	G01AF19	1406
2671	G01AF21	1407
2599	G01AG02	1408
4395	G01AX01	1409
3301	G01AX02	1410
4691	G01AX03	1411
1926	G01AX05	1412
1257	G01AX06	1413
4670	G01AX09	1414
4249	G01AX11	1415
636	G01AX12	1416
3498	G01AX13	1417
3277	G01AX16	1418
1764	G02AB01	1419
1042	G02AB03	1420
912	G02AD01	1421
913	G02AD02	1422
1284	G02AD03	1423
502	G02AD04	1424
2538	G02AD05	1425
1817	G02AD06	1426
2390	G02CA01	1427
1976	G02CA02	1428
1155	G02CA03	1429
403	G02CB01	1430
1588	G02CB02	1431
460	G02CB03	1432
2339	G02CB04	1433
1723	G02CB05	1434
2601	G02CB06	1435
1407	G02CC01	1436
1883	G02CC02	1437
3881	G02CC03	1438
1203	G02CC04	1439
3008	G02CX01	1440
5022	G02CX02	1441
5329	G02CX05	1442
5729	G02CX06	1443
5804	G02CX07	1444
1962	G03AC01	1445
1620	G03AC02	1446
1572	G03AC03	1447
1659	G03AC06	1448
3205	G03AC07	1449
1110	G03AC08	1450
818	G03AC09	1451
968	G03AC10	1452
1572	G03AD01	1453
4166	G03AD02	1454
1210	G03BA01	1455
3356	G03BA02	1456
2607	G03BA03	1457
3342	G03BB01	1458
3927	G03BB02	1459
1082	G03CA01	1460
1057	G03CA03	1461
3187	G03CA04	1462
610	G03CA06	1463
3188	G03CA07	1464
4023	G03CA09	1465
5450	G03CA10	1466
4855	G03CA57	1467
870	G03CB01	1468
875	G03CB02	1469
1731	G03CB03	1470
3366	G03CB04	1471
870	G03CC02	1472
1731	G03CC03	1473
3188	G03CC04	1474
875	G03CC05	1475
3187	G03CC06	1476
2655	G03CX01	1477
4563	G03DA01	1478
1659	G03DA02	1479
2279	G03DA04	1480
975	G03DB01	1481
1657	G03DB03	1482
4567	G03DB04	1483
803	G03DB05	1484
600	G03DB06	1485
2285	G03DB07	1486
871	G03DB08	1487
125	G03DC01	1488
1962	G03DC02	1489
1620	G03DC03	1490
1084	G03DC04	1491
1095	G03DC06	1492
1970	G03DC31	1493
3356	G03EK01	1494
5196	G03GA01	1495
4928	G03GA04	1496
4928	G03GA05	1497
4928	G03GA06	1498
4929	G03GA07	1499
5149	G03GA08	1500
5245	G03GA09	1501
4928	G03GA10	1502
753	G03GB01	1503
700	G03GB02	1504
1026	G03GB03	1505
779	G03XA01	1506
1292	G03XA02	1507
1805	G03XB01	1508
4166	G03XB02	1509
2351	G03XC01	1510
4334	G03XC02	1511
4308	G03XC03	1512
570	G03XC04	1513
4749	G03XC05	1514
795	G03XX01	1515
4350	G04BA01	1516
4201	G04BA03	1517
1000	G04BD01	1518
1175	G04BD02	1519
3756	G04BD03	1520
2028	G04BD04	1521
2603	G04BD05	1522
2300	G04BD06	1523
2705	G04BD07	1524
2457	G04BD08	1525
2776	G04BD09	1526
784	G04BD10	1527
4191	G04BD11	1528
4382	G04BD12	1529
4902	G04BD14	1530
5311	G04BD15	1531
138	G04BE01	1532
2056	G04BE02	1533
2441	G04BE03	1534
3659	G04BE04	1535
1855	G04BE06	1536
228	G04BE07	1537
2553	G04BE08	1538
2809	G04BE09	1539
4305	G04BE10	1540
4141	G04BE11	1541
4244	G04BX01	1542
58	G04BX03	1543
2120	G04BX06	1544
4723	G04BX10	1545
3462	G04BX12	1546
906	G04BX13	1547
4381	G04BX14	1548
2097	G04BX15	1549
2676	G04BX16	1550
115	G04CA01	1551
2562	G04CA02	1552
3584	G04CA03	1553
4151	G04CA04	1554
1171	G04CB01	1555
973	G04CB02	1556
4776	G04CX03	1557
4931	H01AA01	1558
4516	H01AA02	1559
4930	H01AB01	1560
4848	H01AC01	1561
5042	H01AC02	1562
5009	H01AC03	1563
2433	H01AC04	1564
5197	H01AC05	1565
4170	H01AC06	1566
5413	H01AC07	1567
5517	H01AC08	1568
5476	H01AC09	1569
5015	H01AX01	1570
817	H01BA02	1571
2959	H01BA03	1572
2967	H01BA04	1573
4679	H01BA05	1574
3126	H01BB01	1575
2042	H01BB02	1576
495	H01BB03	1577
2958	H01CA01	1578
1868	H01CA02	1579
2997	H01CB01	1580
1980	H01CB02	1581
1546	H01CB03	1582
4329	H01CB05	1583
5784	H01CB06	1584
1279	H01CC01	1585
583	H01CC02	1586
5293	H01CC03	1587
5701	H01CC04	1588
111	H02AA01	1589
820	H02AA03	1590
348	H02AB01	1591
824	H02AB02	1592
1206	H02AB03	1593
1768	H02AB04	1594
2245	H02AB06	1595
2253	H02AB07	1596
2725	H02AB08	1597
1388	H02AB09	1598
2254	H02AB11	1599
2384	H02AB12	1600
793	H02AB13	1601
709	H02AB14	1602
1702	H02AB15	1603
736	H02AB17	1604
5749	H02AB18	1605
2746	H02CA01	1606
5384	H02CA02	1607
1527	H02CA03	1608
2646	H03AA01	1609
1585	H03AA02	1610
3611	H03AA04	1611
1773	H03BA01	1612
2308	H03BA02	1613
339	H03BA03	1614
497	H03BB01	1615
1745	H03BB02	1616
4698	H03BC01	1617
3146	H03BX01	1618
4413	H03BX02	1619
2994	H04AA01	1620
5447	H04AA02	1621
4514	H05AA02	1622
4936	H05AA03	1623
5232	H05AA04	1624
5834	H05AA05	1625
2989	H05BA01	1626
4429	H05BA02	1627
4427	H05BA03	1628
994	H05BA04	1629
647	H05BX01	1630
2066	H05BX02	1631
957	H05BX03	1632
5181	H05BX04	1633
464	H05BX05	1634
5307	H05BX06	1635
802	J01AA01	1636
961	J01AA02	1637
624	J01AA03	1638
1619	J01AA04	1639
1727	J01AA05	1640
2041	J01AA06	1641
2611	J01AA07	1642
1813	J01AA08	1643
2399	J01AA09	1644
2084	J01AA10	1645
702	J01AA11	1646
2661	J01AA12	1647
5298	J01AA14	1648
5299	J01AA15	1649
589	J01BA01	1650
2624	J01BA02	1651
198	J01CA01	1652
2218	J01CA02	1653
492	J01CA03	1654
192	J01CA04	1655
508	J01CA05	1656
280	J01CA06	1657
1025	J01CA07	1658
2219	J01CA08	1659
277	J01CA09	1660
1795	J01CA10	1661
1648	J01CA11	1662
2187	J01CA12	1663
2656	J01CA13	1664
1718	J01CA14	1665
2554	J01CA15	1666
4052	J01CA16	1667
2587	J01CA17	1668
1363	J01CA18	1669
248	J01CA19	1670
2082	J01CE01	1671
2083	J01CE02	1672
2297	J01CE03	1673
273	J01CE04	1674
2124	J01CE05	1675
2077	J01CE06	1676
699	J01CE07	1677
4347	J01CE08	1678
4459	J01CE09	1679
4440	J01CE10	1680
866	J01CF01	1681
720	J01CF02	1682
1744	J01CF03	1683
2006	J01CF04	1684
1183	J01CF05	1685
1869	J01CF06	1686
2492	J01CG01	1687
2572	J01CG02	1688
2539	J01CR04	1689
571	J01DB01	1690
573	J01DB02	1691
574	J01DB03	1692
530	J01DB04	1693
526	J01DB05	1694
3071	J01DB06	1695
529	J01DB07	1696
575	J01DB08	1697
576	J01DB09	1698
524	J01DB10	1699
557	J01DB11	1700
561	J01DB12	1701
550	J01DC01	1702
565	J01DC02	1703
527	J01DC03	1704
525	J01DC04	1705
547	J01DC05	1706
542	J01DC06	1707
548	J01DC07	1708
1603	J01DC08	1709
539	J01DC09	1710
556	J01DC10	1711
544	J01DC11	1712
540	J01DC12	1713
3072	J01DC13	1714
1179	J01DC14	1715
546	J01DD01	1716
559	J01DD02	1717
558	J01DD03	1718
564	J01DD04	1719
538	J01DD05	1720
1851	J01DD06	1721
563	J01DD07	1722
537	J01DD08	1723
541	J01DD09	1724
3074	J01DD10	1725
552	J01DD11	1726
543	J01DD12	1727
562	J01DD14	1728
533	J01DD15	1729
4159	J01DD17	1730
3076	J01DD18	1731
535	J01DE01	1732
553	J01DE02	1733
551	J01DE03	1734
279	J01DF01	1735
521	J01DF02	1736
1709	J01DH02	1737
1046	J01DH03	1738
4149	J01DH04	1739
365	J01DH05	1740
2574	J01DH06	1741
4402	J01DI01	1742
4169	J01DI02	1743
1131	J01DI03	1744
5352	J01DI04	1745
2755	J01EA01	1746
398	J01EA02	1747
4573	J01EA03	1748
2526	J01EB01	1749
2512	J01EB02	1750
2502	J01EB03	1751
2524	J01EB04	1752
2529	J01EB05	1753
2521	J01EB06	1754
2527	J01EB07	1755
3567	J01EB08	1756
2514	J01EC01	1757
2500	J01EC02	1758
2520	J01EC03	1759
2501	J01ED01	1760
2517	J01ED02	1761
2513	J01ED03	1762
2511	J01ED04	1763
2515	J01ED05	1764
2522	J01ED06	1765
2510	J01ED07	1766
2523	J01ED08	1767
2509	J01ED09	1768
1048	J01FA01	1769
4711	J01FA02	1770
1861	J01FA03	1771
1983	J01FA05	1772
2410	J01FA06	1773
1518	J01FA07	1774
2769	J01FA08	1775
668	J01FA09	1776
276	J01FA10	1777
1815	J01FA11	1778
2398	J01FA12	1779
925	J01FA13	1780
1221	J01FA14	1781
2581	J01FA15	1782
678	J01FF01	1783
1582	J01FF02	1784
3489	J01FG01	1785
2481	J01GA01	1786
4722	J01GA02	1787
2684	J01GB01	1788
4265	J01GB03	1789
1519	J01GB04	1790
4247	J01GB05	1791
157	J01GB06	1792
1903	J01GB07	1793
2447	J01GB08	1794
855	J01GB09	1795
3526	J01GB10	1796
1486	J01GB11	1797
235	J01GB12	1798
1520	J01GB13	1799
5287	J01GB14	1800
1981	J01MA01	1801
659	J01MA02	1802
2071	J01MA03	1803
1013	J01MA04	1804
2584	J01MA05	1805
1967	J01MA06	1806
1594	J01MA07	1807
1177	J01MA08	1808
2466	J01MA09	1809
2412	J01MA10	1810
1330	J01MA11	1811
1569	J01MA12	1812
2777	J01MA13	1813
1854	J01MA14	1814
1286	J01MA15	1815
1280	J01MA16	1816
2325	J01MA17	1817
2070	J01MA18	1818
4053	J01MA19	1819
2449	J01MA21	1820
2710	J01MA22	1821
5238	J01MA23	1822
5370	J01MA25	1823
83	J01MB01	1824
1875	J01MB02	1825
2209	J01MB03	1826
2184	J01MB04	1827
2024	J01MB05	1828
657	J01MB06	1829
1197	J01MB07	1830
5079	J01MB08	1831
2807	J01XA01	1832
2998	J01XA02	1833
4116	J01XA03	1834
777	J01XA04	1835
4678	J01XA05	1836
4425	J01XB01	1837
4246	J01XB02	1838
1261	J01XC01	1839
1790	J01XD01	1840
2671	J01XD02	1841
1997	J01XD03	1842
1949	J01XE01	1843
1930	J01XE02	1844
4869	J01XE03	1845
1243	J01XX01	1846
2851	J01XX02	1847
3109	J01XX03	1848
2468	J01XX04	1849
3344	J01XX05	1850
1629	J01XX06	1851
1954	J01XX07	1852
1584	J01XX08	1853
783	J01XX09	1854
281	J01XX10	1855
5348	J01XX12	1856
5765	J01XX13	1857
197	J02AA01	1858
4783	J02AA02	1859
1800	J02AB01	1860
1527	J02AB02	1861
1187	J02AC01	1862
1513	J02AC02	1863
2846	J02AC03	1864
3483	J02AC04	1865
5510	J02AC06	1866
1188	J02AX01	1867
2977	J02AX04	1868
1798	J02AX05	1869
4357	J02AX06	1870
5462	J02AX07	1871
5716	J02AX08	1872
2050	J04AA01	1873
2050	J04AA02	1874
2050	J04AA03	1875
759	J04AB01	1876
2377	J04AB02	1877
4817	J04AB03	1878
2376	J04AB04	1879
2378	J04AB05	1880
3180	J04AB06	1881
3063	J04AB30	1882
1497	J04AC01	1883
1253	J04AC02	1884
2314	J04AD01	1885
2673	J04AD02	1886
1083	J04AD03	1887
2328	J04AK01	1888
1073	J04AK02	1889
2602	J04AK03	1890
1843	J04AK04	1891
4741	J04AK05	1892
4819	J04AK06	1893
2631	J04AK07	1894
5344	J04AK08	1895
692	J04BA01	1896
782	J04BA02	1897
2533	J04BA03	1898
1746	J05AA01	1899
85	J05AB01	1900
1417	J05AB02	1901
2818	J05AB03	1902
1277	J05AB06	1903
1128	J05AB09	1904
2798	J05AB11	1905
639	J05AB12	1906
2079	J05AB13	1907
2801	J05AB14	1908
397	J05AB15	1909
5376	J05AB16	1910
5377	J05AB18	1911
2383	J05AC02	1912
3634	J05AC03	1913
1241	J05AD01	1914
2422	J05AE01	1915
1437	J05AE02	1916
2391	J05AE03	1917
1893	J05AE04	1918
200	J05AE05	1919
1240	J05AE07	1920
254	J05AE08	1921
3609	J05AE09	1922
4143	J05AE10	1923
5727	J05AE16	1924
2861	J05AF01	1925
869	J05AF02	1926
2856	J05AF03	1927
2478	J05AF04	1928
1539	J05AF05	1929
34	J05AF06	1930
2593	J05AF07	1931
88	J05AF08	1932
1003	J05AF09	1933
1019	J05AF10	1934
4220	J05AF11	1935
4394	J05AF12	1936
4944	J05AF13	1937
1904	J05AG01	1938
799	J05AG02	1939
989	J05AG03	1940
1115	J05AG04	1941
4174	J05AG05	1942
5295	J05AG06	1943
2859	J05AH01	1944
2001	J05AH02	1945
4823	J05AH03	1946
2352	J05AJ01	1947
4300	J05AJ02	1948
4805	J05AJ03	1949
5440	J05AJ04	1950
2373	J05AP01	1951
4173	J05AP02	1952
4172	J05AP03	1953
4812	J05AP05	1954
4889	J05AP06	1955
4875	J05AP07	1956
4811	J05AP08	1957
4914	J05AP09	1958
5080	J05AP10	1959
5081	J05AP11	1960
1844	J05AX01	1961
4576	J05AX05	1962
4690	J05AX06	1963
1010	J05AX07	1964
1635	J05AX09	1965
5496	J05AX10	1966
4868	J05AX13	1967
5262	J05AX18	1968
5279	J05AX23	1969
5291	J05AX24	1970
5301	J05AX25	1971
5266	J05AX26	1972
4887	J05AX27	1973
5417	J05AX28	1974
5401	J05AX29	1975
5704	J05AX31	1976
4961	J06BC02	1977
5186	J06BC03	1978
5094	J06BC04	1979
4935	J06BD01	1980
5433	J06BD04	1981
5505	J06BD05	1982
5501	J06BD06	1983
5698	J06BD08	1984
5856	J06BD09	1985
5774	J06BD10	1986
758	L01AA01	1987
588	L01AA02	1988
1678	L01AA03	1989
1647	L01AA05	1990
1421	L01AA06	1991
2766	L01AA07	1992
2244	L01AA08	1993
302	L01AA09	1994
5445	L01AA10	1995
438	L01AB01	1996
2718	L01AB02	1997
4598	L01AB03	1998
2638	L01AC01	1999
4372	L01AC02	2000
503	L01AC03	2001
512	L01AD01	2002
1596	L01AD02	2003
4704	L01AD03	2004
2483	L01AD04	2005
1249	L01AD05	2006
3384	L01AD06	2007
3519	L01AD07	2008
2795	L01AD08	2009
3213	L01AG01	2010
858	L01AX01	2011
2192	L01AX02	2012
2589	L01AX03	2013
773	L01AX04	2014
1751	L01BA01	2015
2353	L01BA03	2016
2073	L01BA04	2017
4117	L01BA05	2018
1708	L01BB02	2019
2632	L01BB03	2020
667	L01BB04	2021
691	L01BB06	2022
1892	L01BB07	2023
770	L01BC01	2024
26	L01BC02	2025
4398	L01BC03	2026
511	L01BC04	2027
1283	L01BC05	2028
480	L01BC06	2029
25	L01BC07	2030
790	L01BC08	2031
1184	L01BC09	2032
2823	L01CA01	2033
2825	L01CA02	2034
2826	L01CA03	2035
2827	L01CA04	2036
3644	L01CA05	2037
4831	L01CA06	2038
1112	L01CB01	2039
2590	L01CB02	2040
4375	L01CC01	2041
2044	L01CD01	2042
939	L01CD02	2043
4153	L01CD04	2044
2707	L01CE01	2045
1482	L01CE02	2046
296	L01CE04	2047
4633	L01CX01	2048
774	L01DA01	2049
960	L01DB01	2050
786	L01DB02	2051
1030	L01DB03	2052
80	L01DB04	2053
2874	L01DB05	2054
1414	L01DB06	2055
1821	L01DB07	2056
2198	L01DB08	2057
2805	L01DB09	2058
202	L01DB10	2059
4330	L01DB11	2060
4742	L01DC01	2061
2223	L01DC02	2062
1819	L01DC03	2063
1517	L01DC04	2064
1423	L01EA01	2065
785	L01EA02	2066
1932	L01EA03	2067
4359	L01EA04	2068
4716	L01EA05	2069
5495	L01EA06	2070
1282	L01EB01	2071
1045	L01EB02	2072
4318	L01EB03	2073
5062	L01EB04	2074
5210	L01EB06	2075
5297	L01EB07	2076
5209	L01EB08	2077
5832	L01EB09	2078
5471	L01EB10	2079
4185	L01EC01	2080
4801	L01EC02	2081
5289	L01EC03	2082
5819	L01EC04	2083
4187	L01ED01	2084
4866	L01ED02	2085
4937	L01ED03	2086
5233	L01ED04	2087
5302	L01ED05	2088
4802	L01EE01	2089
5046	L01EE02	2090
5290	L01EE03	2091
5388	L01EE04	2092
5808	L01EE05	2093
4941	L01EF01	2094
5218	L01EF02	2095
5259	L01EF03	2096
4161	L01EG01	2097
1118	L01EG02	2098
4778	L01EG03	2099
2446	L01EG04	2100
1548	L01EH01	2101
5252	L01EH02	2102
5389	L01EH03	2103
5781	L01EH04	2104
5790	L01EH06	2105
4190	L01EJ01	2106
5347	L01EJ02	2107
5507	L01EJ03	2108
5745	L01EJ04	2109
4225	L01EK01	2110
5258	L01EK03	2111
5750	L01EK04	2112
5211	L01EK05	2113
4810	L01EL01	2114
5260	L01EL02	2115
5353	L01EL03	2116
5709	L01EL05	2117
5423	L01EL06	2118
4878	L01EM01	2119
5256	L01EM02	2120
5328	L01EM03	2121
5296	L01EM04	2122
5836	L01EM06	2123
5327	L01EN01	2124
5390	L01EN02	2125
5459	L01EN03	2126
5680	L01EN04	2127
5392	L01EP01	2128
5424	L01EP02	2129
2544	L01EX01	2130
2459	L01EX02	2131
4118	L01EX03	2132
4178	L01EX04	2133
4654	L01EX05	2134
4715	L01EX07	2135
4942	L01EX08	2136
4903	L01EX09	2137
5231	L01EX10	2138
5341	L01EX11	2139
5305	L01EX12	2140
5306	L01EX13	2141
5345	L01EX14	2142
5343	L01EX15	2143
5379	L01EX18	2144
5394	L01EX19	2145
5393	L01EX22	2146
5412	L01EX23	2147
5441	L01EX25	2148
5752	L01EX27	2149
5751	L01EX28	2150
5764	L01EX29	2151
4975	L01FA01	2152
4951	L01FA02	2153
4983	L01FA03	2154
5247	L01FB01	2155
5314	L01FB02	2156
5063	L01FC01	2157
5385	L01FC02	2158
4979	L01FD01	2159
4957	L01FD02	2160
4990	L01FD03	2161
5367	L01FD04	2162
5434	L01FD06	2163
5841	L01FD07	2164
4954	L01FE01	2165
4955	L01FE02	2166
5071	L01FE03	2167
4923	L01FF01	2168
4924	L01FF02	2169
5234	L01FF03	2170
5221	L01FF04	2171
5151	L01FF05	2172
5317	L01FF06	2173
5451	L01FF07	2174
5758	L01FF09	2175
5719	L01FF10	2176
5849	L01FF11	2177
5807	L01FF12	2178
5757	L01FF13	2179
4956	L01FG01	2180
4917	L01FG02	2181
4980	L01FX02	2182
5853	L01FX03	2183
4958	L01FX04	2184
4964	L01FX05	2185
4915	L01FX07	2186
5072	L01FX08	2187
5031	L01FX09	2188
5183	L01FX10	2189
5404	L01FX12	2190
5366	L01FX13	2191
5333	L01FX14	2192
5405	L01FX15	2193
5391	L01FX17	2194
5463	L01FX18	2195
5690	L01FX20	2196
5435	L01FX21	2197
5452	L01FX22	2198
5477	L01FX23	2199
5706	L01FX24	2200
5700	L01FX25	2201
5691	L01FX26	2202
5734	L01FX27	2203
5736	L01FX28	2204
5742	L01FX29	2205
5837	L01FX31	2206
5741	L01FX32	2207
5821	L01FX33	2208
5833	L01FX34	2209
5762	L01FX35	2210
5777	L01FX37	2211
4392	L01XA01	2212
4133	L01XA02	2213
4210	L01XA03	2214
4703	L01XA04	2215
2272	L01XB01	2216
4021	L01XD01	2217
168	L01XD03	2218
166	L01XD04	2219
2588	L01XD05	2220
4465	L01XD06	2221
5273	L01XD07	2222
2722	L01XF01	2223
3862	L01XF02	2224
361	L01XF03	2225
391	L01XG01	2226
4483	L01XG02	2227
5067	L01XG03	2228
4124	L01XH01	2229
4119	L01XH02	2230
4682	L01XH03	2231
4876	L01XH04	2232
4973	L01XH06	2233
4227	L01XJ01	2234
5008	L01XJ02	2235
5304	L01XJ03	2236
4907	L01XK01	2237
5222	L01XK02	2238
5203	L01XK03	2239
5300	L01XK04	2240
5180	L01XL02	2241
5251	L01XM01	2242
5292	L01XM02	2243
5693	L01XM03	2244
5829	L01XM04	2245
203	L01XX01	2246
5070	L01XX02	2247
141	L01XX03	2248
1399	L01XX05	2249
1598	L01XX07	2250
2098	L01XX08	2251
1637	L01XX10	2252
1065	L01XX11	2253
3362	L01XX16	2254
3605	L01XX18	2255
1820	L01XX23	2256
5082	L01XX24	2257
244	L01XX27	2258
5087	L01XX29	2259
568	L01XX33	2260
209	L01XX35	2261
4677	L01XX40	2262
4171	L01XX41	2263
4916	L01XX44	2264
5133	L01XX52	2265
5330	L01XX66	2266
5323	L01XX67	2267
5398	L01XX69	2268
5380	L01XX72	2269
5461	L01XX73	2270
5469	L01XX74	2271
5513	L01XX75	2272
5694	L01XX77	2273
990	L01XX79	2274
5823	L01XX80	2275
5753	L01XX81	2276
5685	L01XX82	2277
5321	L01XX86	2278
5840	L01XX87	2279
875	L02AA01	2280
3482	L02AA02	2281
1082	L02AA03	2282
3248	L02AA04	2283
1659	L02AB02	2284
4563	L02AB03	2285
436	L02AE01	2286
1559	L02AE02	2287
1327	L02AE03	2288
2968	L02AE04	2289
2975	L02AE05	2290
2561	L02BA01	2291
2709	L02BA02	2292
1255	L02BA03	2293
5710	L02BA04	2294
1223	L02BB01	2295
1933	L02BB02	2296
367	L02BB03	2297
4628	L02BB04	2298
5278	L02BB05	2299
5334	L02BB06	2300
164	L02BG01	2301
1238	L02BG02	2302
210	L02BG03	2303
1556	L02BG04	2304
3651	L02BG05	2305
1122	L02BG06	2306
35	L02BX01	2307
4379	L02BX02	2308
5432	L02BX04	2309
4987	L03AA02	2310
5025	L03AA09	2311
5167	L03AA10	2312
4986	L03AA13	2313
4991	L03AA14	2314
5756	L03AA18	2315
5678	L03AA19	2316
5205	L03AB05	2317
5139	L03AB07	2318
5140	L03AB08	2319
5164	L03AB10	2320
5158	L03AB11	2321
5137	L03AB13	2322
5338	L03AB15	2323
5011	L03AC01	2324
5026	L03AC02	2325
2987	L03AX01	2326
3532	L03AX02	2327
5206	L03AX04	2328
2164	L03AX05	2329
2645	L03AX09	2330
5212	L03AX11	2331
4880	L03AX13	2332
1375	L03AX14	2333
2960	L03AX15	2334
4410	L03AX16	2335
4853	L03AX18	2336
5318	L03AX21	2337
5715	L03AX22	2338
5744	L03AX23	2339
5820	L03AX24	2340
2643	L03AX25	2341
1860	L04AA06	2342
5088	L04AA15	2343
1347	L04AA19	2344
5089	L04AA24	2345
5091	L04AA28	2346
4829	L04AA32	2347
667	L04AA40	2348
5418	L04AA41	2349
5467	L04AA48	2350
5798	L04AA60	2351
5785	L04AA61	2352
4978	L04AB01	2353
4974	L04AB02	2354
4904	L04AB04	2355
4968	L04AB05	2356
4967	L04AB06	2357
4953	L04AC01	2358
4940	L04AC02	2359
5017	L04AC03	2360
5105	L04AC04	2361
4966	L04AC05	2362
4933	L04AC07	2363
4952	L04AC08	2364
4934	L04AC10	2365
4977	L04AC11	2366
5179	L04AC12	2367
5083	L04AC13	2368
5237	L04AC14	2369
5246	L04AC16	2370
5281	L04AC17	2371
5337	L04AC18	2372
5409	L04AC19	2373
5478	L04AC21	2374
5676	L04AC22	2375
5722	L04AC24	2376
760	L04AD01	2377
2552	L04AD02	2378
4366	L04AD03	2379
4167	L04AE01	2380
5383	L04AE02	2381
5326	L04AE03	2382
5446	L04AE04	2383
5747	L04AE05	2384
4713	L04AF01	2385
5202	L04AF02	2386
5346	L04AF03	2387
5419	L04AF04	2388
5481	L04AF06	2389
5677	L04AF07	2390
5728	L04AF08	2391
5828	L04AF09	2392
5177	L04AG01	2393
4959	L04AG02	2394
4970	L04AG03	2395
4949	L04AG04	2396
4982	L04AG05	2397
4909	L04AG06	2398
5223	L04AG08	2399
5320	L04AG09	2400
5397	L04AG10	2401
5474	L04AG11	2402
4951	L04AG12	2403
5387	L04AG13	2404
5697	L04AG14	2405
5862	L04AG18	2406
5831	L04AG19	2407
2446	L04AH01	2408
1118	L04AH02	2409
4969	L04AJ01	2410
5322	L04AJ02	2411
5457	L04AJ03	2412
5512	L04AJ04	2413
5494	L04AJ05	2414
5748	L04AJ06	2415
5814	L04AJ07	2416
5754	L04AJ08	2417
5816	L04AJ09	2418
5761	L04AJ10	2419
5740	L04AJ11	2420
1552	L04AK01	2421
4634	L04AK02	2422
5499	L04AL01	2423
5735	L04AL02	2424
5769	L04AL03	2425
269	L04AX01	2426
2616	L04AX02	2427
1751	L04AX03	2428
3317	L04AX04	2429
4224	L04AX05	2430
4746	L04AX06	2431
4757	L04AX07	2432
5502	L04AX09	2433
5854	L04AX10	2434
2145	M01AA01	2435
1828	M01AA02	2436
2036	M01AA03	2437
4335	M01AA05	2438
1522	M01AA06	2439
1440	M01AB01	2440
2534	M01AB02	2441
2699	M01AB03	2442
2871	M01AB04	2443
865	M01AB05	2444
107	M01AB06	2445
426	M01AB07	2446
1103	M01AB08	2447
1597	M01AB09	2448
1165	M01AB10	2449
47	M01AB11	2450
919	M01AB12	2451
2008	M01AB13	2452
2280	M01AB14	2453
1529	M01AB15	2454
43	M01AB16	2455
3047	M01AB17	2456
2210	M01AC01	2457
2595	M01AC02	2458
970	M01AC04	2459
1609	M01AC05	2460
1676	M01AC06	2461
1407	M01AE01	2462
1883	M01AE02	2463
1528	M01AE03	2464
1154	M01AE04	2465
1145	M01AE05	2466
311	M01AE06	2467
2546	M01AE07	2468
2213	M01AE08	2469
1219	M01AE09	2470
1442	M01AE10	2471
2652	M01AE11	2472
2013	M01AE12	2473
1411	M01AE13	2474
3851	M01AE14	2475
1203	M01AE15	2476
126	M01AE16	2477
833	M01AE17	2478
4674	M01AE18	2479
1615	M01AE19	2480
1663	M01AG01	2481
2698	M01AG02	2482
1193	M01AG03	2483
1650	M01AG04	2484
568	M01AH01	2485
2397	M01AH02	2486
2799	M01AH03	2487
2063	M01AH04	2488
1113	M01AH05	2489
1618	M01AH06	2490
5240	M01AH07	2491
1863	M01AX01	2492
1925	M01AX02	2493
266	M01AX04	2494
1307	M01AX05	2495
3881	M01AX07	2496
2311	M01AX13	2497
5592	M01AX14	2498
1935	M01AX17	2499
1169	M01AX18	2500
849	M01AX21	2501
4672	M01AX22	2502
4728	M01AX23	2503
2005	M01AX24	2504
4103	M01AX25	2505
3413	M01CA03	2506
4706	M01CB01	2507
4707	M01CB02	2508
4122	M01CB03	2509
4349	M01CB04	2510
4767	M01CB05	2511
2081	M01CC01	2512
414	M01CC02	2513
2145	M02AA01	2514
1828	M02AA02	2515
4335	M02AA03	2516
2036	M02AA04	2517
3881	M02AA05	2518
3211	M02AA06	2519
2210	M02AA07	2520
1141	M02AA08	2521
3047	M02AA09	2522
1528	M02AA10	2523
303	M02AA11	2524
1883	M02AA12	2525
1407	M02AA13	2526
1165	M02AA14	2527
865	M02AA15	2528
1169	M02AA16	2529
1925	M02AA17	2530
1650	M02AA18	2531
1219	M02AA19	2532
2699	M02AA21	2533
2547	M02AA22	2534
1440	M02AA23	2535
1924	M02AA24	2536
43	M02AA25	2537
1935	M02AA26	2538
833	M02AA27	2539
2165	M02AA28	2540
5060	M02AA29	2541
1615	M02AA31	2542
3064	M02AB01	2543
4342	M02AB02	2544
2695	M02AX02	2545
906	M02AX03	2546
1418	M02AX05	2547
2703	M02AX06	2548
109	M03AA01	2549
2781	M03AA02	2550
908	M03AA04	2551
2489	M03AB01	2552
2052	M03AC01	2553
1273	M03AC02	2554
2811	M03AC03	2555
259	M03AC04	2556
1365	M03AC05	2557
2183	M03AC06	2558
2974	M03AC07	2559
4535	M03AC08	2560
2396	M03AC09	2561
1822	M03AC10	2562
661	M03AC11	2563
2137	M03BA01	2564
509	M03BA02	2565
1747	M03BA03	2566
2485	M03BA04	2567
1135	M03BA05	2568
603	M03BB02	2569
626	M03BB03	2570
282	M03BX01	2571
2683	M03BX02	2572
2263	M03BX03	2573
2703	M03BX04	2574
4731	M03BX05	2575
1691	M03BX06	2576
2614	M03BX07	2577
751	M03BX08	2578
1022	M03BX09	2579
2151	M03BX30	2580
780	M03CA01	2581
124	M04AA01	2582
2682	M04AA02	2583
1137	M04AA03	2584
2268	M04AB01	2585
2528	M04AB02	2586
318	M04AB03	2587
1488	M04AB04	2588
5075	M04AB05	2589
5425	M04AB06	2590
726	M04AC01	2591
3101	M04AC02	2592
5176	M04AX02	2593
1098	M05BA01	2594
690	M05BA02	2595
2048	M05BA03	2596
112	M05BA04	2597
2666	M05BA05	2598
1404	M05BA06	2599
2387	M05BA07	2600
2868	M05BA08	2601
5024	M05BC01	2602
5175	M05BC02	2603
1477	M05BX01	2604
4495	M05BX02	2605
4714	M05BX03	2606
4965	M05BX04	2607
5282	M05BX05	2608
5362	M05BX06	2609
5480	M05BX07	2610
1685	M05BX08	2611
4570	M09AA01	2612
5131	M09AB01	2613
5051	M09AB02	2614
3957	M09AX01	2615
4872	M09AX03	2616
5864	M09AX05	2617
5182	M09AX06	2618
5207	M09AX07	2619
5357	M09AX08	2620
5332	M09AX09	2621
5407	M09AX10	2622
5737	M09AX11	2623
5408	M09AX12	2624
5443	M09AX13	2625
5813	M09AX14	2626
4417	N01AA01	2627
3645	N01AA02	2628
1356	N01AB01	2629
4363	N01AB02	2630
1009	N01AB04	2631
3628	N01AB05	2632
1493	N01AB06	2633
811	N01AB07	2634
2439	N01AB08	2635
1748	N01AF01	2636
1369	N01AF02	2637
2633	N01AF03	2638
3791	N01AG01	2639
1164	N01AH01	2640
114	N01AH02	2641
2491	N01AH03	2642
3441	N01AH04	2643
220	N01AH05	2644
2363	N01AH06	2645
1523	N01AX03	2646
3494	N01AX04	2647
133	N01AX05	2648
1109	N01AX07	2649
2302	N01AX10	2650
4566	N01AX11	2651
4238	N01AX13	2652
4468	N01AX14	2653
4369	N01AX15	2654
4658	N01BA01	2655
2271	N01BA02	2656
2610	N01BA03	2657
605	N01BA04	2658
323	N01BA05	2659
432	N01BB01	2660
1579	N01BB02	2661
1700	N01BB03	2662
2265	N01BB04	2663
3691	N01BB05	2664
859	N01BB06	2665
1097	N01BB07	2666
3070	N01BB08	2667
2403	N01BB09	2668
4	N01BB10	2669
723	N01BC01	2670
3196	N01BX01	2671
974	N01BX02	2672
4266	N01BX03	2673
3064	N01BX04	2674
1845	N02AA01	2675
1393	N02AA03	2676
1918	N02AA04	2677
2029	N02AA05	2678
886	N02AA08	2679
2034	N02AA11	2680
1526	N02AB01	2681
1690	N02AB02	2682
1164	N02AB03	2683
843	N02AC01	2684
3478	N02AC03	2685
844	N02AC04	2686
363	N02AC05	2687
3424	N02AD01	2688
2119	N02AD02	2689
434	N02AE01	2690
454	N02AF01	2691
1874	N02AF02	2692
2663	N02AX01	2693
2711	N02AX02	2694
847	N02AX03	2695
1706	N02AX05	2696
4283	N02AX06	2697
5406	N02AX07	2698
74	N02BA01	2699
4760	N02BA02	2700
2416	N02BA03	2701
2416	N02BA04	2702
2415	N02BA05	2703
2420	N02BA06	2704
1080	N02BA07	2705
2416	N02BA08	2706
3160	N02BA09	2707
310	N02BA10	2708
880	N02BA11	2709
2416	N02BA12	2710
1333	N02BA14	2711
4387	N02BA15	2712
2416	N02BA16	2713
861	N02BB01	2714
4659	N02BB02	2715
171	N02BB03	2716
2309	N02BB04	2717
1924	N02BB05	2718
52	N02BE01	2719
2115	N02BE03	2720
413	N02BE04	2721
2290	N02BE05	2722
1264	N02BF01	2723
2255	N02BF02	2724
5491	N02BF03	2725
4032	N02BG02	2726
1297	N02BG03	2727
1178	N02BG04	2728
2821	N02BG05	2729
1891	N02BG06	2730
1215	N02BG07	2731
2878	N02BG08	2732
1754	N02BG09	2733
4793	N02BG10	2734
888	N02CA01	2735
1043	N02CA02	2736
1775	N02CA04	2737
1588	N02CA07	2738
4547	N02CB01	2739
2543	N02CC01	2740
1884	N02CC02	2741
2869	N02CC03	2742
2393	N02CC04	2743
128	N02CC05	2744
995	N02CC06	2745
1251	N02CC07	2746
5351	N02CC08	2747
5284	N02CD01	2748
5316	N02CD02	2749
5315	N02CD03	2750
5361	N02CD04	2751
5386	N02CD05	2752
5381	N02CD06	2753
5472	N02CD07	2754
5713	N02CD08	2755
2220	N02CX01	2756
704	N02CX02	2757
1476	N02CX03	2758
1235	N02CX05	2759
2019	N02CX06	2760
1696	N03AA01	2761
2134	N03AA02	2762
2267	N03AA03	2763
4345	N03AA04	2764
1740	N03AA30	2765
1088	N03AB01	2766
2152	N03AB02	2767
5053	N03AB03	2768
1695	N03AB04	2769
1247	N03AB05	2770
2059	N03AC01	2771
2751	N03AC02	2772
1072	N03AC03	2773
1087	N03AD01	2774
2139	N03AD02	2775
1758	N03AD03	2776
703	N03AE01	2777
489	N03AF01	2778
2017	N03AF02	2779
3534	N03AF03	2780
2803	N03AG01	2781
2804	N03AG02	2782
1262	N03AG03	2783
2819	N03AG04	2784
2278	N03AG05	2785
2648	N03AG06	2786
2540	N03AX03	2787
2114	N03AX07	2788
1540	N03AX09	2789
1140	N03AX10	2790
2706	N03AX11	2791
2125	N03AX13	2792
1563	N03AX14	2793
2872	N03AX15	2794
2480	N03AX17	2795
4310	N03AX18	2796
4400	N03AX19	2797
4181	N03AX21	2798
4684	N03AX22	2799
5068	N03AX23	2800
5288	N03AX24	2801
5355	N03AX25	2802
1150	N03AX26	2803
5508	N03AX27	2804
291	N03AX30	2805
2745	N04AA01	2806
374	N04AA02	2807
1780	N04AA03	2808
2276	N04AA04	2809
1086	N04AA05	2810
831	N04AA08	2811
2127	N04AA09	2812
1639	N04AA10	2813
390	N04AA11	2814
2772	N04AA12	2815
4534	N04AB01	2816
1999	N04AB02	2817
333	N04AC01	2818
4423	N04AC30	2819
1567	N04BA01	2820
1673	N04BA04	2821
144	N04BB01	2822
403	N04BC01	2823
2105	N04BC02	2824
4420	N04BC03	2825
2402	N04BC04	2826
2233	N04BC05	2827
460	N04BC06	2828
228	N04BC07	2829
2202	N04BC08	2830
2407	N04BC09	2831
2429	N04BD01	2832
3521	N04BD02	2833
4921	N04BD03	2834
2697	N04BX01	2835
1018	N04BX02	2836
420	N04BX03	2837
5143	N04BX04	2838
4882	N04CX01	2839
621	N05AA01	2840
1752	N05AA02	2841
2284	N05AA03	2842
73	N05AA04	2843
2742	N05AA05	2844
746	N05AA06	2845
619	N05AA07	2846
933	N05AB01	2847
1212	N05AB02	2848
2113	N05AB03	2849
2274	N05AB04	2850
2634	N05AB05	2851
2740	N05AB06	2852
59	N05AB07	2853
2635	N05AB08	2854
443	N05AB09	2855
2100	N05AB10	2856
2107	N05AC01	2857
2637	N05AC02	2858
1712	N05AC03	2859
1353	N05AD01	2860
2741	N05AD02	2861
1677	N05AD03	2862
1837	N05AD04	2863
2181	N05AD05	2864
407	N05AD06	2865
312	N05AD07	2866
966	N05AD08	2867
5358	N05AD10	2868
2035	N05AE01	2869
1830	N05AE02	2870
2435	N05AE03	2871
2865	N05AE04	2872
4168	N05AE05	2873
1211	N05AF01	2874
4397	N05AF02	2875
623	N05AF03	2876
2639	N05AF04	2877
2877	N05AF05	2878
1222	N05AG01	2879
2172	N05AG02	2880
2080	N05AG03	2881
1613	N05AH01	2882
722	N05AH02	2883
1982	N05AH03	2884
2337	N05AH04	2885
4115	N05AH05	2886
717	N05AH06	2887
2537	N05AL01	2888
2541	N05AL02	2889
2651	N05AL03	2890
2365	N05AL04	2891
179	N05AL05	2892
2814	N05AL06	2893
1577	N05AL07	2894
2315	N05AX07	2895
2389	N05AX08	2896
1847	N05AX10	2897
2875	N05AX11	2898
242	N05AX12	2899
4137	N05AX13	2900
3294	N05AX14	2901
5037	N05AX15	2902
5014	N05AX16	2903
5142	N05AX17	2904
852	N05BA01	2905
594	N05BA02	2906
1654	N05BA03	2907
2015	N05BA04	2908
711	N05BA05	2909
1606	N05BA06	2910
93	N05BA07	2911
399	N05BA08	2912
682	N05BA09	2913
1525	N05BA10	2914
2240	N05BA11	2915
136	N05BA12	2916
1348	N05BA13	2917
2175	N05BA14	2918
469	N05BA15	2919
816	N05BA16	2920
1190	N05BA17	2921
1092	N05BA18	2922
1102	N05BA19	2923
718	N05BA21	2924
721	N05BA22	2925
2693	N05BA23	2926
315	N05BA24	2927
1793	N05BA25	2928
1400	N05BB01	2929
483	N05BB02	2930
1704	N05BC01	2931
1004	N05BC03	2932
1644	N05BC04	2933
324	N05BD01	2934
437	N05BE01	2935
1693	N05BX01	2936
1099	N05BX03	2937
4079	N05BX04	2938
2095	N05CA01	2939
184	N05CA02	2940
449	N05CA03	2941
289	N05CA04	2942
232	N05CA05	2943
2428	N05CA06	2944
2556	N05CA07	2945
2829	N05CA08	2946
3849	N05CA09	2947
750	N05CA10	2948
1360	N05CA11	2949
3824	N05CA12	2950
1748	N05CA15	2951
1369	N05CA16	2952
2633	N05CA19	2953
4743	N05CA20	2954
122	N05CA21	2955
2322	N05CA22	2956
586	N05CC01	2957
596	N05CC02	2958
4316	N05CC03	2959
2058	N05CC05	2960
1218	N05CD01	2961
1945	N05CD02	2962
1202	N05CD03	2963
1056	N05CD04	2964
2729	N05CD05	2965
1608	N05CD06	2966
2585	N05CD07	2967
1802	N05CD08	2968
409	N05CD09	2969
2336	N05CD10	2970
1602	N05CD11	2971
955	N05CD12	2972
656	N05CD13	2973
5400	N05CD14	2974
1936	N05CD15	2975
1313	N05CE01	2976
1774	N05CE02	2977
3509	N05CE03	2978
2873	N05CF01	2979
2870	N05CF02	2980
2857	N05CF03	2981
1068	N05CF04	2982
1672	N05CH01	2983
2355	N05CH02	2984
4820	N05CH03	2985
4881	N05CJ01	2986
5360	N05CJ02	2987
5493	N05CJ03	2988
1739	N05CM01	2989
602	N05CM02	2990
3038	N05CM03	2991
504	N05CM04	2992
2424	N05CM05	2993
2298	N05CM06	2994
2735	N05CM07	2995
1078	N05CM08	2996
1367	N05CM10	2997
3678	N05CM12	2998
2802	N05CM13	2999
1687	N05CM15	3000
1908	N05CM16	3001
835	N05CM18	3002
812	N06AA01	3003
1427	N06AA02	3004
3295	N06AA03	3005
701	N06AA04	3006
1993	N06AA05	3007
2758	N06AA06	3008
1592	N06AA07	3009
856	N06AA08	3010
180	N06AA09	3011
1971	N06AA10	3012
2320	N06AA11	3013
956	N06AA12	3014
1478	N06AA13	3015
1675	N06AA14	3016
455	N06AA15	3017
951	N06AA16	3018
191	N06AA17	3019
902	N06AA18	3020
161	N06AA19	3021
1634	N06AA21	3022
2348	N06AA23	3023
2863	N06AB02	3024
1209	N06AB03	3025
663	N06AB04	3026
2068	N06AB05	3027
2436	N06AB06	3028
1230	N06AB08	3029
1111	N06AB09	3030
1053	N06AB10	3031
1490	N06AF01	3032
1907	N06AF02	3033
2123	N06AF03	3034
2715	N06AF04	3035
1480	N06AF05	3036
1479	N06AF06	3037
1825	N06AG02	3038
2702	N06AG03	3039
4006	N06AX01	3040
2780	N06AX02	3041
1796	N06AX03	3042
1958	N06AX04	3043
2717	N06AX05	3044
1890	N06AX06	3045
1812	N06AX07	3046
369	N06AX08	3047
2820	N06AX09	3048
2007	N06AX10	3049
1816	N06AX11	3050
435	N06AX12	3051
1656	N06AX13	3052
2650	N06AX14	3053
2216	N06AX15	3054
2813	N06AX16	3055
1808	N06AX17	3056
2361	N06AX18	3057
4562	N06AX19	3058
972	N06AX21	3059
99	N06AX22	3060
4380	N06AX23	3061
4223	N06AX24	3062
4806	N06AX26	3063
4468	N06AX27	3064
4864	N06AX28	3065
5324	N06AX29	3066
5738	N06AX31	3067
195	N06BA01	3068
841	N06BA02	3069
1732	N06BA03	3070
1767	N06BA04	3071
2075	N06BA05	3072
1146	N06BA06	3073
1826	N06BA07	3074
1157	N06BA08	3075
256	N06BA09	3076
1149	N06BA10	3077
836	N06BA11	3078
4135	N06BA12	3079
4501	N06BA13	3080
5325	N06BA14	3081
463	N06BC01	3082
2296	N06BC02	3083
1651	N06BX01	3084
2333	N06BX02	3085
2197	N06BX03	3086
787	N06BX04	3087
1172	N06BX05	3088
664	N06BX06	3089
2021	N06BX07	3090
2205	N06BX08	3091
4588	N06BX09	3092
1956	N06BX10	3093
221	N06BX11	3094
64	N06BX12	3095
1416	N06BX13	3096
2283	N06BX14	3097
2195	N06BX15	3098
2234	N06BX16	3099
95	N06BX17	3100
2828	N06BX18	3101
4863	N06BX22	3102
2551	N06DA01	3103
946	N06DA02	3104
2392	N06DA03	3105
1272	N06DA04	3106
4808	N06DA05	3107
1679	N06DX01	3108
5464	N06DX03	3109
5717	N06DX04	3110
5827	N06DX05	3111
1897	N07AA01	3112
2330	N07AA02	3113
927	N07AA03	3114
146	N07AA30	3115
488	N07AB01	3116
358	N07AB02	3117
2166	N07AX01	3118
627	N07AX02	3119
584	N07AX03	3120
1920	N07BA01	3121
2808	N07BA03	3122
928	N07BB01	3123
4432	N07BB02	3124
38	N07BB03	3125
1765	N07BB04	3126
1876	N07BB05	3127
434	N07BC01	3128
1728	N07BC02	3129
1571	N07BC03	3130
1593	N07BC04	3131
4586	N07BC05	3132
4412	N07BC06	3133
346	N07CA01	3134
654	N07CA02	3135
1200	N07CA03	3136
71	N07CA04	3137
4063	N07XX01	3138
2382	N07XX02	3139
4566	N07XX04	3140
4336	N07XX05	3141
2609	N07XX06	3142
4163	N07XX07	3143
4192	N07XX08	3144
4825	N07XX10	3145
5048	N07XX11	3146
5313	N07XX12	3147
5227	N07XX13	3148
4156	N07XX14	3149
5319	N07XX15	3150
5226	N07XX16	3151
5857	N07XX17	3152
5699	N07XX18	3153
5755	N07XX21	3154
5733	N07XX22	3155
5714	N07XX24	3156
5712	N07XX25	3157
5858	N07XX27	3158
412	P01AA01	3159
681	P01AA02	3160
3095	P01AA04	3161
2662	P01AA05	3162
1790	P01AB01	3163
2671	P01AB02	3164
1997	P01AB03	3165
264	P01AB04	3166
4025	P01AB05	3167
1938	P01AB06	3168
2427	P01AB07	3169
4393	P01AC02	3170
1105	P01AC03	3171
2576	P01AC04	3172
3007	P01AR01	3173
4419	P01AR02	3174
4849	P01AR03	3175
4362	P01AX01	3176
1001	P01AX02	3177
3433	P01AX04	3178
2338	P01AX05	3179
258	P01AX06	3180
2757	P01AX07	3181
2594	P01AX08	3182
3129	P01AX09	3183
3253	P01AX10	3184
1943	P01AX11	3185
607	P01BA01	3186
1395	P01BA02	3187
2266	P01BA03	3188
186	P01BA06	3189
3578	P01BA07	3190
2282	P01BB01	3191
754	P01BB02	3192
4523	P01BC01	3193
1665	P01BC02	3194
2332	P01BD01	3195
3871	P01BE01	3196
245	P01BE02	3197
247	P01BE03	3198
246	P01BE04	3199
4194	P01BE05	3200
1350	P01BX01	3201
322	P01CA02	3202
5466	P01CA03	3203
1669	P01CB01	3204
4020	P01CB02	3205
1929	P01CC01	3206
1950	P01CC02	3207
3336	P01CD01	3208
55	P01CD02	3209
2090	P01CX01	3210
2966	P01CX02	3211
990	P01CX03	3212
1810	P01CX04	3213
2241	P02BA01	3214
2009	P02BA02	3215
1787	P02BB01	3216
3032	P02BX01	3217
1941	P02BX02	3218
4712	P02BX03	3219
2734	P02BX04	3220
1641	P02CA01	3221
2621	P02CA02	3222
103	P02CA03	3223
3120	P02CA04	3224
1186	P02CA05	3225
4536	P02CA06	3226
2188	P02CB01	3227
873	P02CB02	3228
2999	P02CC01	3229
4005	P02CC02	3230
1561	P02CE01	3231
3972	P02CF01	3232
2335	P02CX01	3233
340	P02CX02	3234
5286	P02CX03	3235
1912	P02DA01	3236
4377	P02DX01	3237
863	P02DX02	3238
3163	P03AA01	3239
3343	P03AA03	3240
928	P03AA04	3241
3601	P03AA05	3242
4396	P03AB01	3243
1583	P03AB02	3244
4700	P03AC01	3245
4354	P03AC02	3246
4686	P03AC03	3247
4152	P03AC04	3248
335	P03AX01	3249
1626	P03AX03	3250
3152	P03AX05	3251
334	P03AX06	3252
5403	P03AX07	3253
4407	P03BA01	3254
4409	P03BA02	3255
4378	P03BA03	3256
4730	P03BA04	3257
4418	P03BX01	3258
4771	P03BX02	3259
4414	P03BX03	3260
4415	P03BX04	3261
4770	P03BX05	3262
4774	P03BX06	3263
755	R01AA02	3264
1024	R01AA03	3265
2146	R01AA04	3266
2032	R01AA05	3267
3591	R01AA06	3268
3658	R01AA07	3269
3369	R01AA08	3270
3620	R01AA09	3271
4671	R01AA10	3272
3637	R01AA11	3273
3225	R01AA12	3274
3445	R01AA13	3275
1028	R01AA14	3276
3298	R01AA15	3277
2146	R01AB01	3278
3369	R01AB02	3279
3591	R01AB03	3280
1024	R01AB05	3281
3658	R01AB06	3282
2032	R01AB07	3283
3637	R01AB08	3284
741	R01AC01	3285
1564	R01AC02	3286
271	R01AC03	3287
224	R01AC04	3288
4050	R01AC05	3289
2642	R01AC06	3290
1889	R01AC07	3291
1986	R01AC08	3292
2245	R01AD02	3293
824	R01AD03	3294
1201	R01AD04	3295
419	R01AD05	3296
348	R01AD06	3297
4064	R01AD07	3298
2725	R01AD11	3299
4554	R01AD12	3300
633	R01AD13	3301
2831	R01AX02	3302
1475	R01AX03	3303
4697	R01AX05	3304
1857	R01AX06	3305
3275	R01AX07	3306
1896	R01AX08	3307
3957	R01AX09	3308
2149	R01BA01	3309
2326	R01BA02	3310
2146	R01BA03	3311
145	R02AA01	3312
4376	R02AA02	3313
3140	R02AA03	3314
597	R02AA05	3315
3083	R02AA06	3316
3018	R02AA09	3317
3095	R02AA11	3318
1374	R02AA12	3319
4317	R02AA13	3320
3290	R02AA14	3321
4249	R02AA15	3322
3017	R02AA16	3323
3082	R02AA17	3324
3275	R02AA18	3325
4266	R02AA19	3326
3394	R02AA21	3327
4247	R02AB01	3328
4739	R02AB02	3329
5112	R02AB03	3330
281	R02AB04	3331
4794	R02AB30	3332
323	R02AD01	3333
1579	R02AD02	3334
723	R02AD03	3335
974	R02AD04	3336
147	R02AD05	3337
1219	R02AX01	3338
1407	R02AX02	3339
3881	R02AX03	3340
1028	R03AA01	3341
1499	R03AB02	3342
1720	R03AB03	3343
105	R03AC02	3344
2598	R03AC03	3345
1155	R03AC04	3346
2385	R03AC05	3347
1372	R03AC06	3348
1491	R03AC07	3349
2199	R03AC08	3350
2723	R03AC09	3351
506	R03AC10	3352
2782	R03AC11	3353
2419	R03AC12	3354
1239	R03AC13	3355
673	R03AC14	3356
2368	R03AC15	3357
2273	R03AC16	3358
384	R03AC17	3359
4183	R03AC18	3360
4814	R03AC19	3361
419	R03BA02	3362
1201	R03BA03	3363
348	R03BA04	3364
2725	R03BA06	3365
633	R03BA08	3366
4554	R03BA09	3367
1475	R03BB01	3368
2022	R03BB02	3369
2677	R03BB04	3370
4484	R03BB05	3371
4302	R03BB06	3372
4816	R03BB07	3373
5303	R03BB08	3374
741	R03BC01	3375
1889	R03BC03	3376
1163	R03BX01	3377
5826	R03BX02	3378
1024	R03CA02	3379
1499	R03CB01	3380
1755	R03CB02	3381
1720	R03CB03	3382
105	R03CC02	3383
2598	R03CC03	3384
1155	R03CC04	3385
1372	R03CC05	3386
1491	R03CC06	3387
2199	R03CC07	3388
2273	R03CC08	3389
2723	R03CC09	3390
506	R03CC10	3391
2782	R03CC11	3392
285	R03CC12	3393
673	R03CC13	3394
2368	R03CC14	3395
1239	R03CC15	3396
976	R03DA01	3397
4390	R03DA02	3398
2323	R03DA03	3399
2620	R03DA04	3400
2620	R03DA05	3401
3190	R03DA06	3402
2618	R03DA07	3403
287	R03DA08	3404
49	R03DA09	3405
4426	R03DA10	3406
959	R03DA11	3407
2855	R03DC01	3408
2237	R03DC02	3409
1836	R03DC03	3410
1406	R03DC04	3411
182	R03DX01	3412
1038	R03DX02	3413
1163	R03DX03	3414
4972	R03DX05	3415
2432	R03DX06	3416
3531	R03DX07	3417
5093	R03DX08	3418
5061	R03DX09	3419
5263	R03DX10	3420
5500	R03DX11	3421
5799	R03DX12	3422
4738	R05CA01	3423
4296	R05CA02	3424
1336	R05CA03	3425
4838	R05CA07	3426
4859	R05CA08	3427
3485	R05CA09	3428
4587	R05CA11	3429
4259	R05CA13	3430
66	R05CB01	3431
402	R05CB02	3432
4160	R05CB03	3433
1035	R05CB04	3434
1711	R05CB05	3435
147	R05CB06	3436
2454	R05CB07	3437
944	R05CB08	3438
1555	R05CB09	3439
2479	R05CB11	3440
1894	R05CB14	3441
1041	R05CB15	3442
935	R05CB16	3443
3207	R05DA01	3444
1386	R05DA03	3445
725	R05DA04	3446
1969	R05DA06	3447
1973	R05DA07	3448
2154	R05DA08	3449
842	R05DA09	3450
3144	R05DA10	3451
900	R05DA11	3452
69	R05DA12	3453
326	R05DB01	3454
5236	R05DB02	3455
686	R05DB03	3456
1487	R05DB04	3457
494	R05DB05	3458
2023	R05DB07	3459
2018	R05DB09	3460
585	R05DB10	3461
2182	R05DB11	3462
366	R05DB12	3463
442	R05DB13	3464
1139	R05DB14	3465
2864	R05DB15	3466
860	R05DB16	3467
4464	R05DB17	3468
2260	R05DB18	3469
967	R05DB19	3470
707	R05DB21	3471
4656	R05DB22	3472
2189	R05DB23	3473
253	R05DB24	3474
1841	R05DB25	3475
1900	R05DB26	3476
1568	R05DB27	3477
905	R05DB28	3478
5519	R05DB29	3479
404	R06AA01	3480
916	R06AA02	3481
671	R06AA04	3482
617	R06AA06	3483
920	R06AA07	3484
499	R06AA08	3485
962	R06AA09	3486
2754	R06AA10	3487
901	R06AA11	3488
408	R06AB01	3489
4411	R06AB02	3490
903	R06AB03	3491
616	R06AB04	3492
2132	R06AB05	3493
830	R06AB06	3494
3579	R06AB07	3495
2331	R06AC01	3496
1376	R06AC02	3497
606	R06AC03	3498
2762	R06AC04	3499
1738	R06AC05	3500
2642	R06AC06	3501
2749	R06AD01	3502
2286	R06AD02	3503
2630	R06AD03	3504
1742	R06AD04	3505
4571	R06AD05	3506
2628	R06AD06	3507
1707	R06AD07	3508
2025	R06AD08	3509
1507	R06AD09	3510
416	R06AE01	3511
749	R06AE03	3512
593	R06AE04	3513
1649	R06AE05	3514
2014	R06AE06	3515
581	R06AE07	3516
1566	R06AE09	3517
288	R06AX01	3518
765	R06AX02	3519
2617	R06AX03	3520
2129	R06AX04	3521
224	R06AX05	3522
2763	R06AX07	3523
2334	R06AX08	3524
268	R06AX09	3525
249	R06AX11	3526
2600	R06AX12	3527
1605	R06AX13	3528
1643	R06AX15	3529
808	R06AX16	3530
1530	R06AX17	3531
82	R06AX18	3532
271	R06AX19	3533
2765	R06AX21	3534
977	R06AX22	3535
2169	R06AX23	3536
1027	R06AX24	3537
1824	R06AX25	3538
1170	R06AX26	3539
814	R06AX27	3540
2413	R06AX28	3541
4353	R06AX29	3542
4748	R06AX31	3543
4803	R06AX32	3544
730	R07AA01	3545
953	R07AB01	3546
3383	R07AB02	3547
3428	R07AB03	3548
1074	R07AB04	3549
3013	R07AB05	3550
4333	R07AB06	3551
127	R07AB07	3552
899	R07AB08	3553
1701	R07AB09	3554
1948	R07AX01	3555
4228	R07AX02	3556
589	S01AA01	3557
624	S01AA02	3558
4247	S01AA03	3559
2041	S01AA04	3560
4739	S01AA05	3561
1896	S01AA07	3562
2611	S01AA09	3563
1885	S01AA10	3564
4265	S01AA11	3565
2684	S01AA12	3566
1261	S01AA13	3567
2082	S01AA14	3568
890	S01AA15	3569
4817	S01AA16	3570
1048	S01AA17	3571
4246	S01AA18	3572
198	S01AA19	3573
157	S01AA21	3574
1801	S01AA22	3575
1903	S01AA23	3576
1519	S01AA24	3577
3011	S01AA25	3578
276	S01AA26	3579
565	S01AA27	3580
2807	S01AA28	3581
855	S01AA29	3582
538	S01AA31	3583
281	S01AA32	3584
2512	S01AB01	3585
2529	S01AB02	3586
3560	S01AB03	3587
2497	S01AB04	3588
2523	S01AB05	3589
1417	S01AD01	3590
2743	S01AD02	3591
85	S01AD03	3592
2818	S01AD06	3593
1128	S01AD07	3594
4751	S01AD08	3595
1277	S01AD09	3596
1981	S01AE01	3597
1967	S01AE02	3598
659	S01AE03	3599
1594	S01AE04	3600
1569	S01AE05	3601
1280	S01AE06	3602
1854	S01AE07	3603
4111	S01AE08	3604
2710	S01AE09	3605
1950	S01AX04	3606
4352	S01AX05	3607
3524	S01AX06	3608
4795	S01AX07	3609
3275	S01AX08	3610
597	S01AX09	3611
4796	S01AX10	3612
3137	S01AX14	3613
3493	S01AX15	3614
3467	S01AX16	3615
4249	S01AX18	3616
4692	S01AX24	3617
5567	S01AX25	3618
3080	S01AX26	3619
824	S01BA01	3620
1388	S01BA02	3621
2245	S01BA04	3622
2725	S01BA05	3623
348	S01BA06	3624
1208	S01BA07	3625
1662	S01BA08	3626
3135	S01BA11	3627
3245	S01BA12	3628
2384	S01BA13	3629
1204	S01BA15	3630
3142	S01BA16	3631
1440	S01BC01	3632
2036	S01BC02	3633
865	S01BC03	3634
1219	S01BC04	3635
1529	S01BC05	3636
2210	S01BC06	3637
303	S01BC07	3638
2416	S01BC08	3639
2238	S01BC09	3640
1899	S01BC10	3641
401	S01BC11	3642
824	S01CB01	3643
2245	S01CB02	3644
1388	S01CB03	3645
348	S01CB04	3646
1208	S01CB05	3647
1028	S01EA01	3648
922	S01EA02	3649
229	S01EA03	3650
704	S01EA04	3651
395	S01EA05	3652
2166	S01EB01	3653
488	S01EB02	3654
982	S01EB03	3655
801	S01EB04	3656
2159	S01EB05	3657
1897	S01EB06	3658
1494	S01EB07	3659
4314	S01EB08	3660
65	S01EB09	3661
4683	S01EB10	3662
56	S01EC01	3663
864	S01EC02	3664
949	S01EC03	3665
396	S01EC04	3666
1741	S01EC05	3667
4061	S01ED01	3668
356	S01ED02	3669
431	S01ED03	3670
1779	S01ED04	3671
520	S01ED05	3672
295	S01ED06	3673
1551	S01EE01	3674
371	S01EE03	3675
2716	S01EE04	3676
4229	S01EE05	3677
5261	S01EE06	3678
1342	S01EX01	3679
781	S01EX02	3680
5269	S01EX05	3681
5312	S01EX06	3682
4938	S01EX07	3683
260	S01FA01	3684
2424	S01FA02	3685
1757	S01FA03	3686
757	S01FA04	3687
1379	S01FA05	3688
2774	S01FA06	3689
2146	S01FB01	3690
1024	S01FB02	3691
1405	S01FB03	3692
3369	S01GA01	3693
3591	S01GA02	3694
3658	S01GA03	3695
2032	S01GA04	3696
2146	S01GA05	3697
3577	S01GA06	3698
395	S01GA07	3699
741	S01GX01	3700
1564	S01GX02	3701
4050	S01GX03	3702
1889	S01GX04	3703
3325	S01GX05	3704
999	S01GX06	3705
271	S01GX07	3706
1530	S01GX08	3707
1986	S01GX09	3708
1027	S01GX10	3709
4165	S01GX11	3710
581	S01GX12	3711
4353	S01GX13	3712
723	S01HA01	3713
3016	S01HA02	3714
2610	S01HA03	3715
2294	S01HA04	3716
2271	S01HA05	3717
859	S01HA06	3718
1579	S01HA07	3719
605	S01HA08	3720
1207	S01JA01	3721
4637	S01JA02	3722
3957	S01KA01	3723
5040	S01KX01	3724
4608	S01KX02	3725
2816	S01LA01	3726
217	S01LA02	3727
4905	S01LA03	3728
4971	S01LA04	3729
4916	S01LA05	3730
5363	S01LA06	3731
4956	S01LA08	3732
5515	S01LA09	3733
3272	S01XA01	3734
2831	S01XA02	3735
4296	S01XA04	3736
4708	S01XA05	3737
3207	S01XA06	3738
4325	S01XA07	3739
66	S01XA08	3740
3301	S01XA10	3741
1879	S01XA11	3742
838	S01XA12	3743
5141	S01XA13	3744
1358	S01XA14	3745
4072	S01XA15	3746
760	S01XA18	3747
768	S01XA21	3748
5004	S01XA22	3749
2446	S01XA23	3750
5235	S01XA24	3751
5174	S01XA25	3752
2834	S01XA26	3753
2808	S01XA28	3754
5457	S01XA31	3755
5739	S01XA32	3756
4900	S01XA33	3757
589	S02AA01	3758
1950	S02AA02	3759
3035	S02AA03	3760
4762	S02AA04	3761
681	S02AA05	3762
3281	S02AA06	3763
4247	S02AA07	3764
2611	S02AA08	3765
597	S02AA09	3766
4211	S02AA10	3767
4246	S02AA11	3768
4817	S02AA12	3769
1800	S02AA13	3770
4265	S02AA14	3771
659	S02AA15	3772
1981	S02AA16	3773
1243	S02AA17	3774
538	S02AA18	3775
1388	S02BA01	3776
2245	S02BA03	3777
824	S02BA06	3778
348	S02BA07	3779
1204	S02BA08	3780
1579	S02DA01	3781
723	S02DA02	3782
861	S02DA03	3783
859	S02DA04	3784
4247	S03AA01	3785
2611	S03AA02	3786
4246	S03AA03	3787
597	S03AA04	3788
3275	S03AA05	3789
4265	S03AA06	3790
659	S03AA07	3791
589	S03AA08	3792
824	S03BA01	3793
2245	S03BA02	3794
348	S03BA03	3795
1877	V03AB02	3796
2231	V03AB04	3797
4797	V03AB08	3798
3150	V03AB09	3799
4676	V03AB13	3800
5034	V03AB14	3801
1878	V03AB15	3802
1076	V03AB16	3803
1763	V03AB17	3804
4699	V03AB18	3805
2159	V03AB19	3806
4282	V03AB20	3807
4296	V03AB21	3808
205	V03AB22	3809
66	V03AB23	3810
1195	V03AB25	3811
3347	V03AB26	3812
4312	V03AB27	3813
4860	V03AB31	3814
1312	V03AB32	3815
4309	V03AB33	3816
1233	V03AB34	3817
4233	V03AB35	3818
2142	V03AB36	3819
5055	V03AB37	3820
5336	V03AB38	3821
792	V03AC01	3822
4188	V03AC02	3823
3128	V03AC03	3824
4324	V03AE02	3825
4585	V03AE03	3826
4430	V03AE04	3827
5121	V03AE05	3828
4851	V03AE06	3829
4287	V03AE07	3830
4538	V03AE08	3831
5056	V03AE09	3832
5225	V03AE10	3833
1711	V03AF01	3834
839	V03AF02	3835
1232	V03AF03	3836
4384	V03AF04	3837
156	V03AF05	3838
1232	V03AF06	3839
4994	V03AF07	3840
4804	V03AF08	3841
5138	V03AF09	3842
4384	V03AF10	3843
5442	V03AF12	3844
4219	V03AG05	3845
854	V03AH01	3846
4235	V03AN01	3847
4256	V03AN02	3848
4262	V03AN03	3849
4251	V03AN04	3850
4673	V03AX02	3851
4299	V03AX03	3852
5470	V03AX04	3853
1076	V03AZ01	3854
2696	V04CA01	3855
845	V04CA02	3856
2462	V04CC01	3857
4290	V04CC02	3858
4627	V04CC03	3859
579	V04CC04	3860
1791	V04CD01	3861
2433	V04CD03	3862
4858	V04CD04	3863
4710	V04CD05	3864
5271	V04CD06	3865
1271	V04CE01	3866
2531	V04CE02	3867
357	V04CG02	3868
1375	V04CG03	3869
2088	V04CG04	3870
1763	V04CG05	3871
4575	V04CH02	3872
3439	V04CH03	3873
139	V04CH04	3874
165	V04CH30	3875
4930	V04CJ01	3876
2316	V04CJ02	3877
2548	V04CK01	3878
316	V04CK03	3879
2958	V04CM01	3880
3300	V04CX01	3881
1231	V04CX02	3882
1726	V04CX03	3883
935	V04CX04	3884
4323	V04CX05	3885
167	V04CX06	3886
988	V04CX07	3887
5497	V04CX10	3888
4369	V04CX12	3889
5859	V04CX13	3890
845	V06DC01	3891
1252	V06DC02	3892
851	V08AA01	3893
1789	V08AA02	3894
1452	V08AA03	3895
1469	V08AA04	3896
4582	V08AA05	3897
4580	V08AA06	3898
63	V08AA07	3899
1450	V08AA08	3900
3346	V08AA09	3901
4449	V08AA10	3902
1788	V08AB01	3903
1461	V08AB02	3904
1472	V08AB03	3905
1464	V08AB04	3906
1468	V08AB05	3907
1470	V08AB06	3908
1471	V08AB07	3909
1466	V08AB08	3910
3302	V08AB09	3911
1463	V08AB10	3912
1449	V08AB11	3913
1473	V08AB12	3914
3966	V08AC01	3915
3991	V08AC02	3916
3306	V08AC03	3917
1455	V08AC04	3918
3759	V08AC05	3919
1465	V08AC06	3920
1451	V08AC07	3921
1474	V08AC08	3922
2785	V08AC09	3923
1474	V08AC10	3924
4581	V08AD02	3925
2306	V08AD03	3926
1467	V08AD04	3927
4558	V08CA01	3928
4559	V08CA02	3929
4494	V08CA03	3930
1268	V08CA04	3931
4532	V08CA05	3932
4147	V08CA06	3933
4557	V08CA08	3934
4179	V08CA09	3935
3259	V08CA10	3936
3258	V08CA11	3937
5681	V08CA12	3938
5146	V08CB01	3939
4443	V08CB03	3940
2102	V08CX01	3941
1271	V08DA02	3942
4685	V08DA03	3943
4301	V09AX04	3944
4285	V09AX05	3945
4818	V09AX06	3946
5396	V09AX07	3947
4845	V09CX04	3948
4059	V09DX01	3949
4584	V09EX01	3950
4370	V09EX02	3951
4371	V09EX03	3952
5038	V09FX03	3953
5124	V09GA01	3954
5184	V09GX04	3955
5861	V09GX06	3956
4560	V09HX01	3957
5127	V09IA06	3958
4755	V09IA09	3959
1448	V09IX01	3960
4577	V09IX02	3961
4455	V09IX04	3962
4550	V09IX05	3963
4488	V09IX06	3964
4551	V09IX08	3965
5185	V09IX09	3966
5153	V09IX12	3967
5429	V09IX14	3968
4578	V09XA02	3969
4847	V09XX01	3970
4537	V09XX04	3971
4533	V10BX02	3972
5038	V10XA01	3973
4577	V10XA02	3974
5036	V10XX01	3975
4984	V10XX02	3976
4800	V10XX03	3977
5275	V10XX04	3978
5509	V10XX05	3979
4243	A01AA51	3980
597	A01AB53	3981
3083	A01AB53	3982
2245	A01AC54	3983
4926	A02AF01	3984
645	A02BA51	3985
1129	A02BA53	3986
1990	A02BC51	3987
1547	A02BC53	3988
2350	A02BC54	3989
1990	A02BD01	3990
192	A02BD01	3991
1790	A02BD01	3992
1547	A02BD02	3993
2611	A02BD02	3994
1790	A02BD02	3995
1547	A02BD03	3996
192	A02BD03	3997
1790	A02BD03	3998
2054	A02BD04	3999
192	A02BD04	4000
668	A02BD04	4001
1990	A02BD05	4002
192	A02BD05	4003
668	A02BD05	4004
1055	A02BD06	4005
192	A02BD06	4006
668	A02BD06	4007
1547	A02BD07	4008
192	A02BD07	4009
668	A02BD07	4010
4355	A02BD08	4011
2611	A02BD08	4012
1790	A02BD08	4013
1547	A02BD09	4014
668	A02BD09	4015
2671	A02BD09	4016
1547	A02BD10	4017
192	A02BD10	4018
1569	A02BD10	4019
2054	A02BD11	4020
192	A02BD11	4021
668	A02BD11	4022
1790	A02BD11	4023
2350	A02BD12	4024
192	A02BD12	4025
668	A02BD12	4026
2350	A02BD13	4027
192	A02BD13	4028
1790	A02BD13	4029
4993	A02BD14	4030
192	A02BD14	4031
668	A02BD14	4032
4993	A02BD15	4033
192	A02BD15	4034
1790	A02BD15	4035
1990	A02BD16	4036
192	A02BD16	4037
2376	A02BD16	4038
4993	A02BD17	4039
192	A02BD17	4040
493	A02BX51	4041
493	A02BX71	4042
1281	A02BX77	4043
2039	A03AB53	4044
142	A03AX58	4045
1500	A03CA01	4046
676	A03CA02	4047
2026	A03CA03	4048
2003	A03CA04	4049
4302	A03CA05	4050
3024	A03CA06	4051
149	A03CA07	4052
915	A03CA08	4053
2185	A03CA09	4054
1000	A03CA30	4055
2293	A03CA34	4056
1757	A03CB01	4057
260	A03CB03	4058
1380	A03CB04	4059
1402	A03CB31	4060
2215	A03DA02	4061
3024	A03DA03	4062
635	A03DA04	4063
472	A03DA05	4064
2776	A03DA06	4065
2660	A03DA07	4066
458	A03DB04	4067
2046	A04AA55	4068
2424	A04AD51	4069
3092	A04AD54	4070
375	A06AB52	4071
3125	A06AB53	4072
4779	A06AB58	4073
1536	A06AD61	4074
4253	A06AD65	4075
3125	A06AG03	4076
941	A06AG10	4077
4247	A07AA51	4078
2481	A07AA54	4079
5581	A07BC54	4080
1845	A07DA52	4081
1599	A07DA53	4082
2140	A08AA51	4083
2706	A08AA51	4084
1024	A08AA56	4085
435	A08AA62	4086
1765	A08AA62	4087
4960	A10AD06	4088
4981	A10AD06	4089
4901	A10AE54	4090
4815	A10AE54	4091
4960	A10AE56	4092
4164	A10AE56	4093
5822	A10AE57	4094
5267	A10AE57	4095
2126	A10BD01	4096
1725	A10BD02	4097
1725	A10BD03	4098
2405	A10BD03	4099
1300	A10BD04	4100
2405	A10BD04	4101
1725	A10BD05	4102
2179	A10BD05	4103
1300	A10BD06	4104
2179	A10BD06	4105
1725	A10BD07	4106
2448	A10BD07	4107
1725	A10BD08	4108
3642	A10BD08	4109
2179	A10BD09	4110
4340	A10BD09	4111
1725	A10BD10	4112
4114	A10BD10	4113
1725	A10BD11	4114
4175	A10BD11	4115
2179	A10BD12	4116
2448	A10BD12	4117
1725	A10BD13	4118
4340	A10BD13	4119
1725	A10BD14	4120
2366	A10BD14	4121
1725	A10BD15	4122
4304	A10BD15	4123
1725	A10BD16	4124
4758	A10BD16	4125
1725	A10BD17	4126
39	A10BD17	4127
1725	A10BD18	4128
4833	A10BD18	4129
4175	A10BD19	4130
4830	A10BD19	4131
1725	A10BD20	4132
4830	A10BD20	4133
4114	A10BD21	4134
4304	A10BD21	4135
1725	A10BD22	4136
5239	A10BD22	4137
1725	A10BD23	4138
5270	A10BD23	4139
2448	A10BD24	4140
5270	A10BD24	4141
1725	A10BD25	4142
4114	A10BD25	4143
4304	A10BD25	4144
1725	A10BD26	4145
5078	A10BD26	4146
1725	A10BD27	4147
4175	A10BD27	4148
4830	A10BD27	4149
1725	A10BD28	4150
4895	A10BD28	4151
2448	A10BD29	4152
4304	A10BD29	4153
4833	A10BD30	4154
4304	A10BD30	4155
1725	A10BD31	4156
2448	A10BD31	4157
4304	A10BD31	4158
1300	A10BD32	4159
4304	A10BD32	4160
2179	A10BD33	4161
4304	A10BD33	4162
1725	A10BD34	4163
2448	A10BH51	4164
2445	A10BH51	4165
4833	A10BH52	4166
2406	A10BH52	4167
4277	A11AA01	4168
2840	A11CC55	4169
4072	A11GB01	4170
5786	A16AX29	4171
5787	A16AX29	4172
4373	A16AX30	4173
4624	A16AX30	4174
1358	B01AB51	4175
74	B01AC56	4176
5851	B01AD13	4177
4182	B01AF51	4178
74	B01AF51	4179
5173	B02BD06	4180
5019	B02BD06	4181
1231	B03AD01	4182
4261	B03AD02	4183
1231	B03AD02	4184
4528	B03AD03	4185
1231	B03AD03	4186
1231	B03AD04	4187
4491	B03AD05	4188
1231	B03AD05	4189
4277	B03AE01	4190
4196	B03AE01	4191
1231	B03AE01	4192
4277	B03AE02	4193
1231	B03AE02	4194
4277	B03AE03	4195
4277	B03AE04	4196
4196	B03BA51	4197
4309	B03BA53	4198
1231	B03BB51	4199
4527	B05XA06	4200
5135	B06AA02	4201
68	C01AA52	4202
2313	C01AB51	4203
2346	C01BA51	4204
2346	C01BA71	4205
1101	C01CA51	4206
1952	C01DA52	4207
2087	C01DA55	4208
2295	C01DA57	4209
1505	C01DA58	4210
2770	C01DA59	4211
1047	C01DA63	4212
4583	C01DX51	4213
2261	C01DX52	4214
2030	C01DX53	4215
321	C01DX54	4216
2370	C02AA52	4217
3687	C02AA57	4218
1762	C02AB02	4219
4337	C02KX52	4220
2553	C02KX52	4221
4809	C02KX54	4222
2553	C02KX54	4223
2370	C02LA01	4224
2369	C02LA02	4225
810	C02LA03	4226
1750	C02LA04	4227
3687	C02LA07	4228
2550	C02LA09	4229
2370	C02LA51	4230
2369	C02LA52	4231
2370	C02LA71	4232
1762	C02LB01	4233
704	C02LC01	4234
1856	C02LC05	4235
704	C02LC51	4236
4209	C02LE01	4237
1342	C02LF01	4238
884	C02LG01	4239
1384	C02LG02	4240
4689	C02LG03	4241
884	C02LG51	4242
4689	C02LG73	4243
2065	C02LL01	4244
2173	C02LX01	4245
305	C03AB01	4246
1392	C03AB02	4247
1385	C03AB03	4248
609	C03AB04	4249
2228	C03AB05	4250
2733	C03AB06	4251
756	C03AB07	4252
1759	C03AB08	4253
761	C03AB09	4254
609	C03AH01	4255
1392	C03AH02	4256
1385	C03AX01	4257
712	C03BA82	4258
2343	C03BB02	4259
706	C03BB03	4260
625	C03BB04	4261
1666	C03BB05	4262
693	C03BB07	4263
1258	C03CB01	4264
427	C03CB02	4265
1032	C03DA54	4266
4304	C03DA54	4267
1385	C03EA01	4268
2733	C03EA02	4269
1031	C03EA03	4270
140	C03EA04	4271
1645	C03EA05	4272
625	C03EA06	4273
756	C03EA07	4274
1783	C03EA12	4275
305	C03EA13	4276
446	C03EA14	4277
1258	C03EB01	4278
427	C03EB02	4279
2708	C03EB03	4280
1921	C04AC02	4281
5035	C04AE51	4282
887	C04AE54	4283
1358	C05BA53	4284
845	C05BB56	4285
936	C05BX51	4286
3535	C05CA51	4287
3157	C05CA53	4288
2778	C05CA54	4289
2027	C07BA02	4290
2303	C07BA05	4291
4061	C07BA06	4292
2464	C07BA07	4293
1865	C07BA12	4294
1779	C07BA68	4295
1786	C07BB02	4296
255	C07BB03	4297
40	C07BB04	4298
360	C07BB06	4299
380	C07BB07	4300
1887	C07BB12	4301
1786	C07BB52	4302
1531	C07BG01	4303
2027	C07CA02	4304
2176	C07CA03	4305
389	C07CA17	4306
2078	C07CA23	4307
1786	C07CB02	4308
255	C07CB03	4309
255	C07CB53	4310
1531	C07CG01	4311
4061	C07DA06	4312
255	C07DB01	4313
1786	C07FB02	4314
1142	C07FB02	4315
255	C07FB03	4316
1922	C07FB03	4317
380	C07FB07	4318
183	C07FB07	4319
1887	C07FB12	4320
183	C07FB12	4321
1786	C07FB13	4322
183	C07FB13	4323
2303	C07FX01	4324
2464	C07FX02	4325
74	C07FX02	4326
1786	C07FX03	4327
74	C07FX03	4328
380	C07FX04	4329
74	C07FX04	4330
1786	C07FX05	4331
3312	C07FX05	4332
522	C07FX06	4333
3312	C07FX06	4334
183	C08CA51	4335
568	C08CA51	4336
1922	C08CA55	4337
2815	C08DA51	4338
1922	C08GA01	4339
183	C08GA02	4340
484	C09BA01	4341
1005	C09BA02	4342
1587	C09BA03	4343
2108	C09BA04	4344
2356	C09BA05	4345
2340	C09BA06	4346
299	C09BA07	4347
641	C09BA08	4348
1245	C09BA09	4349
798	C09BA12	4350
1827	C09BA13	4351
2866	C09BA15	4352
1005	C09BB02	4353
4157	C09BB02	4354
1587	C09BB03	4355
183	C09BB03	4356
2108	C09BB04	4357
183	C09BB04	4358
2356	C09BB05	4359
1142	C09BB05	4360
1005	C09BB06	4361
1947	C09BB06	4362
2356	C09BB07	4363
183	C09BB07	4364
2712	C09BB10	4365
2815	C09BB10	4366
798	C09BB12	4367
1631	C09BB12	4368
299	C09BB13	4369
183	C09BB13	4370
2866	C09BB14	4371
183	C09BB14	4372
2108	C09BX01	4373
183	C09BX01	4374
1433	C09BX01	4375
2108	C09BX02	4376
380	C09BX02	4377
2356	C09BX03	4378
183	C09BX03	4379
1385	C09BX03	4380
2108	C09BX04	4381
380	C09BX04	4382
183	C09BX04	4383
2356	C09BX05	4384
380	C09BX05	4385
2108	C09BX06	4386
380	C09BX06	4387
183	C09BX06	4388
1433	C09BX06	4389
2866	C09BX07	4390
1887	C09BX07	4391
1610	C09DA01	4392
1037	C09DA02	4393
2806	C09DA03	4394
1481	C09DA04	4395
2583	C09DA07	4396
1985	C09DA08	4397
4322	C09DA09	4398
4906	C09DA10	4399
2806	C09DB01	4400
183	C09DB01	4401
1985	C09DB02	4402
183	C09DB02	4403
2583	C09DB04	4404
183	C09DB04	4405
1481	C09DB05	4406
183	C09DB05	4407
1610	C09DB06	4408
183	C09DB06	4409
183	C09DB07	4410
2806	C09DB08	4411
4157	C09DB08	4412
4906	C09DB09	4413
183	C09DB09	4414
2806	C09DX01	4415
183	C09DX01	4416
1385	C09DX01	4417
2806	C09DX02	4418
119	C09DX02	4419
1985	C09DX03	4420
183	C09DX03	4421
1385	C09DX03	4422
2806	C09DX04	4423
5012	C09DX04	4424
2806	C09DX05	4425
1887	C09DX05	4426
183	C09DX06	4427
1385	C09DX06	4428
1481	C09DX07	4429
183	C09DX07	4430
1385	C09DX07	4431
2583	C09DX08	4432
183	C09DX08	4433
1385	C09DX08	4434
183	C09DX09	4435
1433	C09DX09	4436
119	C09XA52	4437
1385	C09XA52	4438
119	C09XA53	4439
183	C09XA53	4440
119	C09XA54	4441
183	C09XA54	4442
1385	C09XA54	4443
1921	C10AD05	4444
2835	C10AD52	4445
1612	C10BA01	4446
2835	C10BA01	4447
2445	C10BA02	4448
1125	C10BA02	4449
2239	C10BA03	4450
1152	C10BA03	4451
2445	C10BA04	4452
1152	C10BA04	4453
257	C10BA05	4454
1125	C10BA05	4455
2406	C10BA06	4456
1125	C10BA06	4457
2406	C10BA07	4458
257	C10BA08	4459
2406	C10BA09	4460
1152	C10BA09	4461
5382	C10BA10	4462
1125	C10BA10	4463
2239	C10BA11	4464
1125	C10BA11	4465
2239	C10BA12	4466
1125	C10BA12	4467
1152	C10BA12	4468
2214	C10BA13	4469
1125	C10BA13	4470
2214	C10BA14	4471
1152	C10BA14	4472
2406	C10BA15	4473
1125	C10BA15	4474
1152	C10BA15	4475
257	C10BA16	4476
1152	C10BA16	4477
2445	C10BX01	4478
74	C10BX01	4479
2239	C10BX02	4480
74	C10BX02	4481
257	C10BX03	4482
183	C10BX03	4483
2445	C10BX04	4484
74	C10BX04	4485
2356	C10BX04	4486
2406	C10BX05	4487
74	C10BX05	4488
257	C10BX06	4489
74	C10BX06	4490
2356	C10BX06	4491
2406	C10BX07	4492
183	C10BX07	4493
1587	C10BX07	4494
257	C10BX08	4495
74	C10BX08	4496
2406	C10BX09	4497
183	C10BX09	4498
2406	C10BX10	4499
2806	C10BX10	4500
257	C10BX11	4501
183	C10BX11	4502
2108	C10BX11	4503
257	C10BX12	4504
74	C10BX12	4505
2108	C10BX12	4506
2406	C10BX13	4507
2108	C10BX13	4508
1433	C10BX13	4509
2406	C10BX14	4510
183	C10BX14	4511
2108	C10BX14	4512
257	C10BX15	4513
2108	C10BX15	4514
2406	C10BX16	4515
4906	C10BX16	4516
2406	C10BX17	4517
2356	C10BX17	4518
257	C10BX18	4519
183	C10BX18	4520
2356	C10BX18	4521
257	C10BX19	4522
183	C10BX19	4523
2406	C10BX20	4524
2583	C10BX20	4525
2406	C10BX21	4526
2108	C10BX21	4527
2406	C10BX22	4528
1887	C10BX22	4529
2406	C10BX23	4530
183	C10BX23	4531
2356	C10BX23	4532
2406	C10BX24	4533
183	C10BX24	4534
2583	C10BX24	4535
1800	D01AC52	4536
370	D01AC60	4537
3446	D01AE54	4538
4264	D02AE51	4539
5051	D03BA52	4540
226	D05AC51	4541
465	D05AX52	4542
2571	D05AX55	4543
4142	D06BA51	4544
85	D06BB53	4545
2245	D07BA01	4546
1388	D07BA04	4547
4548	D07BB01	4548
3135	D07BB02	4549
2725	D07BB03	4550
3959	D07BB04	4551
348	D07BC01	4552
1204	D07BC02	4553
1206	D07BC03	4554
3141	D07BC04	4555
1388	D07CA01	4556
1768	D07CA02	4557
2245	D07CA03	4558
2725	D07CB01	4559
4553	D07CB02	4560
1208	D07CB03	4561
824	D07CB04	4562
4548	D07CB05	4563
348	D07CC01	4564
1204	D07CC02	4565
1217	D07CC03	4566
1205	D07CC05	4567
1206	D07CC06	4568
597	D08AC52	4569
4446	D08AG01	4570
3394	D08AJ57	4571
3018	D08AJ58	4572
4462	D08AJ59	4573
4332	D08AX53	4574
2722	D10AD51	4575
87	D10AD53	4576
1508	D10AD54	4577
328	D10AE51	4578
678	D10AF51	4579
1048	D10AF52	4580
1276	D11AX52	4581
1977	G01AA51	4582
983	G01AF55	4583
3394	G01AX66	4584
1764	G02AC01	4585
2042	G02AC01	4586
1095	G03AA01	4587
1082	G03AA01	4588
1082	G03AA02	4589
1620	G03AA03	4590
1082	G03AA03	4591
1082	G03AA04	4592
1962	G03AA05	4593
1082	G03AA05	4594
1572	G03AA06	4595
1082	G03AA06	4596
1572	G03AA07	4597
1082	G03AA07	4598
1659	G03AA08	4599
1082	G03AA08	4600
818	G03AA09	4601
1082	G03AA09	4602
1291	G03AA10	4603
1082	G03AA10	4604
1968	G03AA11	4605
1082	G03AA11	4606
968	G03AA12	4607
1082	G03AA12	4608
1959	G03AA13	4609
1082	G03AA13	4610
4567	G03AA14	4611
1057	G03AA14	4612
600	G03AA15	4613
1082	G03AA15	4614
871	G03AA16	4615
1082	G03AA16	4616
1659	G03AA17	4617
1057	G03AA17	4618
968	G03AA18	4619
5450	G03AA18	4620
1082	G03AB01	4621
1620	G03AB02	4622
1082	G03AB02	4623
1572	G03AB03	4624
1082	G03AB03	4625
1962	G03AB04	4626
1082	G03AB04	4627
818	G03AB05	4628
1082	G03AB05	4629
1291	G03AB06	4630
1082	G03AB06	4631
600	G03AB07	4632
1082	G03AB07	4633
871	G03AB08	4634
1057	G03AB08	4635
1968	G03AB09	4636
1082	G03AB09	4637
1057	G03CA53	4638
4855	G03CC07	4639
4334	G03CC07	4640
3356	G03EA01	4641
2607	G03EA02	4642
795	G03EA03	4643
1962	G03FA01	4644
1084	G03FA03	4645
2279	G03FA04	4646
1970	G03FA05	4647
1095	G03FA06	4648
1620	G03FA07	4649
1965	G03FA09	4650
1572	G03FA10	4651
1572	G03FA11	4652
1659	G03FA12	4653
1968	G03FA13	4654
975	G03FA14	4655
871	G03FA15	4656
4736	G03FA16	4657
968	G03FA17	4658
1572	G03FB01	4659
1620	G03FB02	4660
600	G03FB03	4661
1962	G03FB05	4662
1659	G03FB06	4663
1657	G03FB07	4664
975	G03FB08	4665
1572	G03FB09	4666
818	G03FB10	4667
4736	G03FB11	4668
4567	G03FB12	4669
1805	G03XB51	4670
2056	G04BE52	4671
2416	G04BX17	4672
3344	G04BX17	4673
115	G04CA51	4674
1171	G04CA51	4675
2562	G04CA52	4676
973	G04CA52	4677
2562	G04CA53	4678
2457	G04CA53	4679
2562	G04CA54	4680
2553	G04CA54	4681
954	G04CA55	4682
1171	G04CA55	4683
1171	G04CB51	4684
2553	G04CB51	4685
2810	H01BA01	4686
5293	H01CC53	4687
1057	H01CC53	4688
1962	H01CC53	4689
5432	H01CC54	4690
1057	H01CC54	4691
1962	H01CC54	4692
1768	H02BX01	4693
1585	H03AA03	4694
2646	H03AA51	4695
1745	H03BB52	4696
2041	J01AA56	4697
2624	J01BA52	4698
198	J01CA51	4699
2492	J01CG30	4700
5731	J01CG30	4701
198	J01CR01	4702
192	J01CR02	4703
2656	J01CR03	4704
2187	J01CR05	4705
565	J01DC52	4706
546	J01DD51	4707
559	J01DD52	4708
564	J01DD54	4709
537	J01DD58	4710
543	J01DD62	4711
564	J01DD63	4712
535	J01DE51	4713
279	J01DF51	4714
1426	J01DH51	4715
640	J01DH51	4716
1709	J01DH52	4717
5253	J01DH52	4718
2053	J01DH55	4719
355	J01DH55	4720
1426	J01DH56	4721
640	J01DH56	4722
5342	J01DH56	4723
4922	J01DI54	4724
2268	J01DI55	4725
2514	J01EE01	4726
2755	J01EE01	4727
2500	J01EE02	4728
2755	J01EE02	4729
2518	J01EE03	4730
2755	J01EE03	4731
2520	J01EE04	4732
2755	J01EE04	4733
2502	J01EE05	4734
2755	J01EE05	4735
2500	J01EE06	4736
2615	J01EE06	4737
2510	J01EE07	4738
2755	J01EE07	4739
2349	J01FG02	4740
778	J01FG02	4741
565	J01RA03	4742
1790	J01RA03	4743
4711	J01RA04	4744
1790	J01RA04	4745
1569	J01RA05	4746
1997	J01RA05	4747
535	J01RA06	4748
157	J01RA06	4749
276	J01RA07	4750
1187	J01RA07	4751
2427	J01RA07	4752
2611	J01RA08	4753
1983	J01RA08	4754
1981	J01RA09	4755
1997	J01RA09	4756
659	J01RA10	4757
1790	J01RA10	4758
659	J01RA11	4759
2671	J01RA11	4760
659	J01RA12	4761
1997	J01RA12	4762
1967	J01RA13	4763
2671	J01RA13	4764
1967	J01RA14	4765
1790	J01RA14	4766
537	J01RA15	4767
1997	J01RA15	4768
537	J01RA16	4769
276	J01RA16	4770
1981	J01RA17	4771
1943	J01RA17	4772
1981	J01RA18	4773
2671	J01RA18	4774
2611	J01RA19	4775
1977	J01RA19	4776
1949	J01XE51	4777
1497	J04AC51	4778
2481	J04AM01	4779
1497	J04AM01	4780
2377	J04AM02	4781
1497	J04AM02	4782
1073	J04AM03	4783
1497	J04AM03	4784
2631	J04AM04	4785
1497	J04AM04	4786
2377	J04AM05	4787
2328	J04AM05	4788
1497	J04AM05	4789
2377	J04AM06	4790
2328	J04AM06	4791
1073	J04AM06	4792
1497	J04AM06	4793
2377	J04AM07	4794
1073	J04AM07	4795
1497	J04AM07	4796
1497	J04AM08	4797
2514	J04AM08	4798
2755	J04AM08	4799
2328	J04AM09	4800
1073	J04AM09	4801
1497	J04AM09	4802
1594	J04AM09	4803
2328	J04AM10	4804
1073	J04AM10	4805
2314	J04AM10	4806
1594	J04AM10	4807
2376	J04AM11	4808
2328	J04AM11	4809
2314	J04AM11	4810
2377	J04AM12	4811
2328	J04AM12	4812
1497	J04AM12	4813
1569	J04AM12	4814
782	J04BA50	4815
2377	J04BA50	4816
782	J04BA51	4817
2377	J04BA51	4818
692	J04BA51	4819
5520	J05AE30	4820
2391	J05AE30	4821
4811	J05AP51	4822
4899	J05AP51	4823
4914	J05AP52	4824
4912	J05AP52	4825
4913	J05AP52	4826
2391	J05AP52	4827
4912	J05AP53	4828
4913	J05AP53	4829
2391	J05AP53	4830
5080	J05AP54	4831
5081	J05AP54	4832
4811	J05AP55	4833
5154	J05AP55	4834
4811	J05AP56	4835
5154	J05AP56	4836
5242	J05AP56	4837
5243	J05AP57	4838
5244	J05AP57	4839
4875	J05AP58	4840
4889	J05AP58	4841
5215	J05AP58	4842
2861	J05AR01	4843
1539	J05AR01	4844
1539	J05AR02	4845
34	J05AR02	4846
2593	J05AR03	4847
1003	J05AR03	4848
2861	J05AR04	4849
1539	J05AR04	4850
34	J05AR04	4851
2861	J05AR05	4852
1539	J05AR05	4853
1904	J05AR05	4854
1003	J05AR06	4855
2593	J05AR06	4856
989	J05AR06	4857
2478	J05AR07	4858
1539	J05AR07	4859
1904	J05AR07	4860
1003	J05AR08	4861
2593	J05AR08	4862
4174	J05AR08	4863
1003	J05AR09	4864
2593	J05AR09	4865
4300	J05AR09	4866
4299	J05AR09	4867
1601	J05AR10	4868
2391	J05AR10	4869
1539	J05AR11	4870
2593	J05AR11	4871
989	J05AR11	4872
1539	J05AR12	4873
2593	J05AR12	4874
1539	J05AR13	4875
34	J05AR13	4876
4805	J05AR13	4877
4143	J05AR14	4878
4299	J05AR14	4879
254	J05AR15	4880
4299	J05AR15	4881
1539	J05AR16	4882
2352	J05AR16	4883
1003	J05AR17	4884
4944	J05AR17	4885
1003	J05AR18	4886
4944	J05AR18	4887
4300	J05AR18	4888
4299	J05AR18	4889
1003	J05AR19	4890
4944	J05AR19	4891
4174	J05AR19	4892
1003	J05AR20	4893
4944	J05AR20	4894
5274	J05AR20	4895
4805	J05AR21	4896
4174	J05AR21	4897
1003	J05AR22	4898
4944	J05AR22	4899
4143	J05AR22	4900
4299	J05AR22	4901
254	J05AR23	4902
2391	J05AR23	4903
1539	J05AR24	4904
2593	J05AR24	4905
5295	J05AR24	4906
1539	J05AR25	4907
4805	J05AR25	4908
4143	J05AR26	4909
2391	J05AR26	4910
1539	J05AR27	4911
2593	J05AR27	4912
4805	J05AR27	4913
2478	J05AR28	4914
1539	J05AR28	4915
1003	J05AR29	4916
4944	J05AR29	4917
4805	J05AR29	4918
5683	J06BD03	4919
5684	J06BD03	4920
5455	J06BD07	4921
5456	J06BD07	4922
26	L01BC52	4923
4398	L01BC53	4924
790	L01BC58	4925
2743	L01BC59	4926
2044	L01CD51	4927
4957	L01FY01	4928
4979	L01FY01	4929
4923	L01FY02	4930
5514	L01FY02	4931
5222	L01XK52	4932
770	L01XY01	4933
786	L01XY01	4934
1559	L02AE51	4935
367	L02AE51	4936
5164	L03AB60	4937
5158	L03AB61	4938
1440	M01AB51	4939
865	M01AB55	4940
1676	M01AC56	4941
1407	M01AE51	4942
1883	M01AE52	4943
1055	M01AE52	4944
1528	M01AE53	4945
1883	M01AE56	4946
1817	M01AE56	4947
1883	M01AE57	4948
916	M01AE57	4949
1169	M01AX68	4950
2145	M01BA01	4951
3160	M01BA02	4952
74	M01BA03	4953
2137	M03BA51	4954
509	M03BA52	4955
1747	M03BA53	4956
2137	M03BA71	4957
509	M03BA72	4958
1747	M03BA73	4959
603	M03BB52	4960
626	M03BB53	4961
603	M03BB72	4962
626	M03BB73	4963
1999	M03BC01	4964
1999	M03BC51	4965
2263	M03BX53	4966
4731	M03BX55	4967
124	M04AA51	4968
726	M04AC51	4969
2268	M04AC51	4970
1098	M05BB01	4971
2387	M05BB02	4972
112	M05BB03	4973
2840	M05BB03	4974
2387	M05BB04	4975
2840	M05BB04	4976
112	M05BB05	4977
2840	M05BB05	4978
112	M05BB06	4979
130	M05BB06	4980
2387	M05BB07	4981
2840	M05BB07	4982
2868	M05BB08	4983
2840	M05BB08	4984
1404	M05BB09	4985
2840	M05BB09	4986
4714	M05BX53	4987
2840	M05BX53	4988
4523	M09AA72	4989
5639	M09AB52	4990
1164	N01AH51	4991
4238	N01AX63	4992
2271	N01BA52	4993
2610	N01BA53	4994
432	N01BB51	4995
1579	N01BB52	4996
1700	N01BB53	4997
2265	N01BB54	4998
1097	N01BB57	4999
3070	N01BB58	5000
432	N01BB59	5001
1676	N01BB59	5002
1845	N02AA51	5003
1393	N02AA53	5004
1878	N02AA53	5005
2029	N02AA55	5006
1878	N02AA55	5007
2029	N02AA56	5008
1765	N02AA56	5009
886	N02AA58	5010
725	N02AA59	5011
725	N02AA79	5012
1690	N02AB52	5013
1690	N02AB72	5014
1728	N02AC52	5015
844	N02AC54	5016
844	N02AC74	5017
3424	N02AD51	5018
1878	N02AD51	5019
1845	N02AG01	5020
1526	N02AG02	5021
1690	N02AG03	5022
1393	N02AG04	5023
886	N02AJ01	5024
52	N02AJ01	5025
886	N02AJ02	5026
74	N02AJ02	5027
886	N02AJ03	5028
725	N02AJ06	5029
52	N02AJ06	5030
725	N02AJ07	5031
74	N02AJ07	5032
725	N02AJ08	5033
1407	N02AJ08	5034
725	N02AJ09	5035
2711	N02AJ13	5036
52	N02AJ13	5037
2711	N02AJ14	5038
833	N02AJ14	5039
2711	N02AJ15	5040
2711	N02AJ16	5041
568	N02AJ16	5042
2029	N02AJ17	5043
52	N02AJ17	5044
2029	N02AJ18	5045
74	N02AJ18	5046
2029	N02AJ19	5047
1407	N02AJ19	5048
1386	N02AJ22	5049
52	N02AJ22	5050
1386	N02AJ23	5051
1407	N02AJ23	5052
2663	N02AX51	5053
1878	N02AX51	5054
74	N02BA51	5055
2415	N02BA55	5056
1080	N02BA57	5057
3160	N02BA59	5058
4510	N02BA67	5059
74	N02BA71	5060
2415	N02BA75	5061
1080	N02BA77	5062
3160	N02BA79	5063
861	N02BB51	5064
4659	N02BB52	5065
171	N02BB53	5066
2309	N02BB54	5067
861	N02BB71	5068
4659	N02BB72	5069
171	N02BB73	5070
2309	N02BB74	5071
52	N02BE51	5072
2115	N02BE53	5073
413	N02BE54	5074
52	N02BE71	5075
2115	N02BE73	5076
413	N02BE74	5077
888	N02CA51	5078
1043	N02CA52	5079
1043	N02CA72	5080
2543	N02CC51	5081
1883	N02CC51	5082
2152	N03AB52	5083
1695	N03AB54	5084
1087	N03AD51	5085
1567	N04BA02	5086
1567	N04BA03	5087
1673	N04BA05	5088
4422	N04BA06	5089
5726	N04BA07	5090
1982	N05AH53	5091
5460	N05AH53	5092
3652	N05AX50	5093
2776	N05AX50	5094
1606	N05BA56	5095
1400	N05BB51	5096
1704	N05BC51	5097
1704	N05CX01	5098
1739	N05CX02	5099
1687	N05CX03	5100
602	N05CX04	5101
1000	N05CX05	5102
4772	N05CX06	5103
435	N06AX62	5104
842	N06AX62	5105
836	N06BA15	5106
5448	N06BA15	5107
2197	N06BX53	5108
654	N06BX53	5109
180	N06CA01	5110
1675	N06CA02	5111
1209	N06CA03	5112
946	N06DA52	5113
1679	N06DA52	5114
946	N06DA53	5115
1679	N06DA53	5116
1897	N07AA51	5117
434	N07BC51	5118
654	N07CA52	5119
24	N07XX19	5120
5679	N07XX19	5121
842	N07XX59	5122
2662	P01AA30	5123
2664	P01AA30	5124
681	P01AA52	5125
1790	P01AB51	5126
1257	P01AB51	5127
1790	P01AB52	5128
2671	P01AB53	5129
4849	P01AR53	5130
1001	P01AX52	5131
2282	P01BB51	5132
258	P01BB51	5133
607	P01BB52	5134
2282	P01BB52	5135
2332	P01BD51	5136
245	P01BF01	5137
1617	P01BF01	5138
247	P01BF02	5139
1665	P01BF02	5140
247	P01BF03	5141
186	P01BF03	5142
247	P01BF04	5143
2517	P01BF04	5144
2332	P01BF04	5145
4194	P01BF05	5146
4193	P01BF05	5147
247	P01BF06	5148
4339	P01BF06	5149
3871	P01BF07	5150
4193	P01BF07	5151
3871	P01BF08	5152
247	P01BF09	5153
2503	P01BF09	5154
2332	P01BF09	5155
5090	P01BX02	5156
4193	P01BX02	5157
1641	P02CA51	5158
103	P02CA53	5159
3972	P02CA53	5160
928	P03AA54	5161
4396	P03AB51	5162
4700	P03AC51	5163
4354	P03AC52	5164
4686	P03AC53	5165
4152	P03AC54	5166
741	R01AC51	5167
2245	R01AD52	5168
824	R01AD53	5169
4064	R01AD57	5170
1388	R01AD60	5171
2149	R01BA51	5172
2326	R01BA52	5173
2146	R01BA53	5174
1028	R03AK01	5175
1499	R03AK02	5176
105	R03AK04	5177
741	R03AK04	5178
2368	R03AK05	5179
741	R03AK05	5180
2419	R03AK06	5181
1239	R03AK07	5182
419	R03AK07	5183
1239	R03AK08	5184
1239	R03AK09	5185
4799	R03AK10	5186
4554	R03AK10	5187
1239	R03AK11	5188
2419	R03AK12	5189
419	R03AK12	5190
105	R03AK13	5191
4183	R03AK14	5192
105	R03AK15	5193
419	R03AK15	5194
1155	R03AL01	5195
1475	R03AL01	5196
105	R03AL02	5197
1475	R03AL02	5198
4799	R03AL03	5199
4816	R03AL03	5200
4183	R03AL04	5201
4302	R03AL04	5202
1239	R03AL05	5203
4484	R03AL05	5204
4814	R03AL06	5205
2677	R03AL06	5206
1239	R03AL07	5207
4302	R03AL07	5208
4799	R03AL08	5209
4816	R03AL08	5210
4554	R03AL08	5211
1239	R03AL09	5212
4302	R03AL09	5213
1239	R03AL10	5214
2677	R03AL10	5215
1239	R03AL11	5216
4302	R03AL11	5217
419	R03AL11	5218
4183	R03AL12	5219
4302	R03AL12	5220
2677	R03BB54	5221
1499	R03CB51	5222
1720	R03CB53	5223
2598	R03CC53	5224
673	R03CC63	5225
147	R03CC63	5226
976	R03DA51	5227
2620	R03DA54	5228
2620	R03DA55	5229
2618	R03DA57	5230
2620	R03DA74	5231
976	R03DB01	5232
4390	R03DB02	5233
2323	R03DB03	5234
2620	R03DB04	5235
2620	R03DB05	5236
3190	R03DB06	5237
1836	R03DC53	5238
5135	R05CB13	5239
1845	R05DA05	5240
916	R06AA52	5241
671	R06AA54	5242
617	R06AA56	5243
920	R06AA57	5244
962	R06AA59	5245
901	R06AA61	5246
408	R06AB51	5247
4411	R06AB52	5248
616	R06AB54	5249
830	R06AB56	5250
1376	R06AC52	5251
606	R06AC53	5252
2286	R06AD52	5253
4571	R06AD55	5254
416	R06AE51	5255
749	R06AE53	5256
1649	R06AE55	5257
2617	R06AX53	5258
2334	R06AX58	5259
3383	R07AB52	5260
3428	R07AB53	5261
4228	R07AX30	5262
5010	R07AX30	5263
4228	R07AX31	5264
5276	R07AX31	5265
4228	R07AX32	5266
5276	R07AX32	5267
5372	R07AX32	5268
5848	R07AX33	5269
5276	R07AX33	5270
5847	R07AX33	5271
1388	S01BB01	5272
2245	S01BB02	5273
1208	S01BB03	5274
348	S01BB04	5275
824	S01CA01	5276
2245	S01CA02	5277
1388	S01CA03	5278
1206	S01CA04	5279
348	S01CA05	5280
1208	S01CA07	5281
1768	S01CA08	5282
3093	S01CA09	5283
1204	S01CA10	5284
865	S01CC01	5285
1440	S01CC02	5286
1028	S01EA51	5287
395	S01EA55	5288
4938	S01EA55	5289
2166	S01EB51	5290
4314	S01EB58	5291
396	S01EC54	5292
4061	S01ED51	5293
356	S01ED52	5294
1779	S01ED54	5295
520	S01ED55	5296
1551	S01EE51	5297
5269	S01EE51	5298
1551	S01EE52	5299
949	S01EE52	5300
757	S01FA54	5301
2774	S01FA56	5302
2146	S01FB51	5303
1529	S01FB51	5304
3369	S01GA51	5305
3591	S01GA52	5306
3658	S01GA53	5307
2146	S01GA55	5308
3577	S01GA56	5309
741	S01GX51	5310
1207	S01JA51	5311
3957	S01KA51	5312
4198	S01XA03	5313
2245	S02CA01	5314
4548	S02CA02	5315
1388	S02CA03	5316
2725	S02CA04	5317
1204	S02CA05	5318
824	S02CA06	5319
824	S03CA01	5320
2245	S03CA02	5321
1388	S03CA04	5322
348	S03CA06	5323
1768	S03CA07	5324
2245	V03AB05	5325
2286	V03AB05	5326
2231	V03AB54	5327
260	V03AB54	5328
1549	V03AF11	5329
1622	V03AF11	5330
463	V04CG30	5331
4373	V04CG30	5332
1447	V04CH01	5333
4945	V04CK02	5334
4346	V08BA01	5335
2104	V08DA01	5336
2104	V08DA04	5337
4039	V08DA05	5338
3999	V08DA06	5339
4625	V09GX05	5340
5395	V09IX11	5341
3347	V09IX13	5342
2408	A02BA06	5343
294	A07EA07	5344
2852	B01AE04	5345
475	C09CA06	5346
475	C09DA06	5347
475	C09DB07	5348
475	C09DX06	5349
475	C09DX09	5350
475	C10BX19	5351
614	D01AE07	5352
1349	D05AX55	5353
3911	D07AB01	5354
3234	D07AB04	5355
4493	D07AB10	5356
4606	D07AB21	5357
4485	D07AC10	5358
1832	D07AC13	5359
294	D07AC15	5360
1225	D07AC17	5361
4554	D07AC17	5362
1349	D07AC21	5363
4452	D07AD01	5364
294	D07CC04	5365
4452	D07CD01	5366
1832	D07XC03	5367
2345	G03AA02	5368
1667	G03AA04	5369
1667	G03AB01	5370
2345	G03AC04	5371
1667	G03AC05	5372
4189	G03DA03	5373
1667	G03DB02	5374
4189	G03FA02	5375
1667	G03FA08	5376
1667	G03FB04	5377
766	G03HA01	5378
766	G03HB01	5379
4191	G04BD13	5380
1191	H02AA02	5381
2060	H02AB05	5382
555	J01DD13	5383
534	J01DD16	5384
555	J01DD64	5385
4873	J01XX11	5386
4947	J02AC05	5387
4822	J05AH04	5388
1189	L01BB05	5389
4176	L01XK52	5390
1667	L02AB01	5391
4176	L02BX03	5392
4176	L02BX53	5393
5502	L04AX11	5394
4303	N03AF04	5395
2193	N05AC04	5396
4207	N05AN01	5397
4512	N05AN01	5398
294	R01AD01	5399
1225	R01AD08	5400
4554	R01AD08	5401
1832	R01AD09	5402
1225	R01AD58	5403
4554	R01AD58	5404
1832	R01AD59	5405
1225	R03AK06	5406
4554	R03AK06	5407
294	R03AK08	5408
1832	R03AK09	5409
1225	R03AK11	5410
4554	R03AK11	5411
294	R03AK13	5412
1832	R03AK14	5413
294	R03AL09	5414
1832	R03AL12	5415
294	R03BA01	5416
1225	R03BA05	5417
4554	R03BA05	5418
1832	R03BA07	5419
3911	S01BA09	5420
4493	S01BA10	5421
1611	S01BA14	5422
4452	S01BA17	5423
1191	S01CA06	5424
3911	S01CA11	5425
1611	S01CA12	5426
1191	S02CA07	5427
1191	S03CA05	5428
4487	V03AE01	5429
4871	V03AE01	5430
